http://i.imgur.com/puEqa4C.jpg,#8f8d9b,#8e8c9a,#908e9c,
https://i.redd.it/d8021b5i2moy.jpg,#000000,#010101,#090909,
http://i.imgur.com/puEqa4C.jpg,#8f8d9b,#8e8c9a,#908e9c,
https://i.redd.it/nrafqoujmety.jpg,#000000,#010101,#090909,
https://i.redd.it/fsuv32a1cc9y.jpg,#000000,#010101,#090909,
https://i.redd.it/ftd3sx5ah13z.jpg,#000000,#010101,#090909,
https://i.redd.it/d8021b5i2moy.jpg,#000000,#010101,#090909,
https://i.redd.it/ftd3sx5ah13z.jpg,#000000,#010101,#090909,
https://i.redd.it/fsuv32a1cc9y.jpg,#000000,#010101,#090909,
http://i.imgur.com/tyDhTll.jpg,#060604,#070705,#060604,
https://i.redd.it/fsuv32a1cc9y.jpg,#000000,#010101,#090909,
http://i.imgur.com/puEqa4C.jpg,#8f8d9b,#8e8c9a,#908e9c,
https://i.redd.it/c5pk0vnpg3ty.jpg,#6e81cd,#6e82cb,#6c82cd,
https://i.redd.it/ftd3sx5ah13z.jpg,#000000,#010101,#090909,
https://i.redd.it/ftd3sx5ah13z.jpg,#000000,#010101,#090909,
http://i.imgur.com/TKLs9lo.jpg,#ffffff,#fefefe,#fdfdfd,
https://i.redd.it/w5q6gldnvcuy.jpg,#f3f3f3,#f2f2f2,#f1f3f2,
http://i.imgur.com/puEqa4C.jpg,#8f8d9b,#8e8c9a,#908e9c,
https://i.redd.it/1nlgrn49x7ry.jpg,#0d100d,#0c0f0c,#0d100d,
https://i.redd.it/c5pk0vnpg3ty.jpg,#6e81cd,#6e82cb,#6c82cd,
http://i.imgur.com/6pnYQUv.jpg,#16181b,#15171a,#17191c,
http://i.imgur.com/qvnjbVw.jpg,#a7aab3,#a3a5a4,#a7aab3,
https://i.redd.it/s5viyluv421z.jpg,#79512e,#78502d,#7b5330,
http://i.imgur.com/TKLs9lo.jpg,#ffffff,#fefefe,#fdfdfd,
http://i.imgur.com/qvnjbVw.jpg,#a7aab3,#a3a5a4,#a7aab3,
http://i.imgur.com/puEqa4C.jpg,#8f8d9b,#8e8c9a,#908e9c,
http://i.imgur.com/qvnjbVw.jpg,#a7aab3,#a3a5a4,#a7aab3,
http://i.imgur.com/tyDhTll.jpg,#060604,#070705,#060604,
https://i.redd.it/ihczg3pmle3z.jpg,#a2ac9b,#a1ab9a,#a3ad9c,
https://i.redd.it/ftd3sx5ah13z.jpg,#000000,#010101,#090909,
https://i.redd.it/xae65ypfqycy.jpg,#f4f4f4,#c83a2e,#f3f3f3,
http://i.imgur.com/puEqa4C.jpg,#8f8d9b,#8e8c9a,#908e9c,
http://i.imgur.com/RycdbMO.jpg,#f8ffff,#faffff,#f6ffff,
https://i.redd.it/ihczg3pmle3z.jpg,#a2ac9b,#a1ab9a,#a3ad9c,
https://i.redd.it/nrafqoujmety.jpg,#000000,#010101,#090909,
https://i.redd.it/ftd3sx5ah13z.jpg,#000000,#010101,#090909,
https://i.redd.it/h5t3qddvvzry.jpg,#0e0e0e,#0d0d0d,#0e0e0e,
https://i.redd.it/d8021b5i2moy.jpg,#000000,#010101,#090909,
https://i.redd.it/nrafqoujmety.jpg,#000000,#010101,#090909,
https://i.redd.it/fsuv32a1cc9y.jpg,#000000,#010101,#090909,
https://i.redd.it/d8021b5i2moy.jpg,#000000,#010101,#090909,
https://i.redd.it/s5viyluv421z.jpg,#79512e,#78502d,#7b5330,
https://i.redd.it/nrafqoujmety.jpg,#000000,#010101,#090909,
https://i.redd.it/c5pk0vnpg3ty.jpg,#6e81cd,#6e82cb,#6c82cd,
https://i.redd.it/ftd3sx5ah13z.jpg,#000000,#010101,#090909,
http://i.imgur.com/puEqa4C.jpg,#8f8d9b,#8e8c9a,#908e9c,
http://i.imgur.com/TKLs9lo.jpg,#ffffff,#fefefe,#fdfdfd,
http://i.imgur.com/tyDhTll.jpg,#060604,#070705,#060604,
https://i.redd.it/h5t3qddvvzry.jpg,#0e0e0e,#0d0d0d,#0e0e0e,
https://i.redd.it/ftd3sx5ah13z.jpg,#000000,#010101,#090909,
http://i.imgur.com/6pnYQUv.jpg,#16181b,#15171a,#17191c,
http://i.imgur.com/qvnjbVw.jpg,#a7aab3,#a3a5a4,#a7aab3,
http://i.imgur.com/qvnjbVw.jpg,#a7aab3,#a3a5a4,#a7aab3,
http://i.imgur.com/TKLs9lo.jpg,#ffffff,#fefefe,#fdfdfd,
http://i.imgur.com/6pnYQUv.jpg,#16181b,#15171a,#17191c,
https://i.redd.it/ihczg3pmle3z.jpg,#a2ac9b,#a1ab9a,#a3ad9c,
https://i.redd.it/fsuv32a1cc9y.jpg,#000000,#010101,#090909,
https://i.redd.it/ftd3sx5ah13z.jpg,#000000,#010101,#090909,
https://i.redd.it/fsuv32a1cc9y.jpg,#000000,#010101,#090909,
https://i.redd.it/nrafqoujmety.jpg,#000000,#010101,#090909,
https://i.redd.it/fsuv32a1cc9y.jpg,#000000,#010101,#090909,
https://i.redd.it/d8021b5i2moy.jpg,#000000,#010101,#090909,
http://i.imgur.com/puEqa4C.jpg,#8f8d9b,#8e8c9a,#908e9c,
https://i.redd.it/d8021b5i2moy.jpg,#000000,#010101,#090909,
https://i.redd.it/ftd3sx5ah13z.jpg,#000000,#010101,#090909,
http://i.imgur.com/RycdbMO.jpg,#f8ffff,#faffff,#f6ffff,
https://i.redd.it/nrafqoujmety.jpg,#000000,#010101,#090909,
https://i.redd.it/fsuv32a1cc9y.jpg,#000000,#010101,#090909,
https://i.redd.it/ftd3sx5ah13z.jpg,#000000,#010101,#090909,
https://i.redd.it/nrafqoujmety.jpg,#000000,#010101,#090909,
https://i.redd.it/fsuv32a1cc9y.jpg,#000000,#010101,#090909,
https://i.redd.it/d8021b5i2moy.jpg,#000000,#010101,#090909,
https://i.redd.it/fsuv32a1cc9y.jpg,#000000,#010101,#090909,
http://i.imgur.com/puEqa4C.jpg,#8f8d9b,#8e8c9a,#908e9c,
https://i.redd.it/ftd3sx5ah13z.jpg,#000000,#010101,#090909,
https://i.redd.it/fsuv32a1cc9y.jpg,#000000,#010101,#090909,
https://i.redd.it/nrafqoujmety.jpg,#000000,#010101,#090909,
https://i.redd.it/fsuv32a1cc9y.jpg,#000000,#010101,#090909,
https://i.redd.it/nrafqoujmety.jpg,#000000,#010101,#090909,
http://i.imgur.com/qvnjbVw.jpg,#a7aab3,#a3a5a4,#a7aab3,
https://i.redd.it/ftd3sx5ah13z.jpg,#000000,#010101,#090909,
https://i.redd.it/ihczg3pmle3z.jpg,#a2ac9b,#a1ab9a,#a3ad9c,
http://i.imgur.com/tyDhTll.jpg,#060604,#070705,#060604,
https://i.redd.it/ftd3sx5ah13z.jpg,#000000,#010101,#090909,
https://i.redd.it/fsuv32a1cc9y.jpg,#000000,#010101,#090909,
http://i.imgur.com/qvnjbVw.jpg,#a7aab3,#a3a5a4,#a7aab3,
https://i.redd.it/nrafqoujmety.jpg,#000000,#010101,#090909,
https://i.redd.it/c5pk0vnpg3ty.jpg,#6e81cd,#6e82cb,#6c82cd,
http://i.imgur.com/puEqa4C.jpg,#8f8d9b,#8e8c9a,#908e9c,
https://i.redd.it/c5pk0vnpg3ty.jpg,#6e81cd,#6e82cb,#6c82cd,
https://i.redd.it/nrafqoujmety.jpg,#000000,#010101,#090909,
https://i.redd.it/ftd3sx5ah13z.jpg,#000000,#010101,#090909,
https://i.redd.it/d8021b5i2moy.jpg,#000000,#010101,#090909,
https://i.redd.it/ftd3sx5ah13z.jpg,#000000,#010101,#090909,
https://i.redd.it/ftd3sx5ah13z.jpg,#000000,#010101,#090909,
https://i.redd.it/d8021b5i2moy.jpg,#000000,#010101,#090909,
https://i.redd.it/s5viyluv421z.jpg,#79512e,#78502d,#7b5330,
http://i.imgur.com/tyDhTll.jpg,#060604,#070705,#060604,
https://i.redd.it/d8021b5i2moy.jpg,#000000,#010101,#090909,
http://i.imgur.com/TKLs9lo.jpg,#ffffff,#fefefe,#fdfdfd,
https://i.redd.it/nrafqoujmety.jpg,#000000,#010101,#090909,
https://i.redd.it/d8021b5i2moy.jpg,#000000,#010101,#090909,
https://i.redd.it/c5pk0vnpg3ty.jpg,#6e81cd,#6e82cb,#6c82cd,
https://i.redd.it/nrafqoujmety.jpg,#000000,#010101,#090909,
http://i.imgur.com/tyDhTll.jpg,#060604,#070705,#060604,
https://i.redd.it/ihczg3pmle3z.jpg,#a2ac9b,#a1ab9a,#a3ad9c,
https://i.redd.it/h5t3qddvvzry.jpg,#0e0e0e,#0d0d0d,#0e0e0e,
https://i.redd.it/s5viyluv421z.jpg,#79512e,#78502d,#7b5330,
http://i.imgur.com/TKLs9lo.jpg,#ffffff,#fefefe,#fdfdfd,
https://i.redd.it/fsuv32a1cc9y.jpg,#000000,#010101,#090909,
https://i.redd.it/ftd3sx5ah13z.jpg,#000000,#010101,#090909,
https://i.redd.it/nrafqoujmety.jpg,#000000,#010101,#090909,
https://i.redd.it/ax4eueu0szpy.jpg,#bab9c3,#bbbbc9,#bab9c3,
https://i.redd.it/fyqzavufvjwy.jpg,#dcaf82,#dcaf80,#d9ac7f,
https://i.redd.it/c5pk0vnpg3ty.jpg,#6e81cd,#6e82cb,#6c82cd,
https://i.redd.it/h5t3qddvvzry.jpg,#0e0e0e,#0d0d0d,#0e0e0e,
https://i.redd.it/fyqzavufvjwy.jpg,#dcaf82,#dcaf80,#d9ac7f,
https://i.redd.it/4m5yk8gjrtzy.jpg,#000000,#010101,#000000,
https://i.redd.it/ihczg3pmle3z.jpg,#a2ac9b,#a1ab9a,#a3ad9c,
https://i.redd.it/ru12lvaf7jyy.jpg,#9c9896,#9b9795,#9d9997,
https://i.redd.it/tb5pckm6e72y.jpg,#a0a19d,#b5b4a4,#b7b5aa,
https://i.redd.it/c5pk0vnpg3ty.jpg,#6e81cd,#6e82cb,#6c82cd,
https://i.redd.it/cpkq97klre4z.jpg,#767767,#757666,#777868,
https://i.redd.it/c5pk0vnpg3ty.jpg,#6e81cd,#6e82cb,#6c82cd,
https://i.redd.it/nrafqoujmety.jpg,#000000,#010101,#090909,
https://i.redd.it/fsuv32a1cc9y.jpg,#000000,#010101,#090909,
https://i.redd.it/nrafqoujmety.jpg,#000000,#010101,#090909,
https://i.redd.it/fsuv32a1cc9y.jpg,#000000,#010101,#090909,
https://i.redd.it/h5t3qddvvzry.jpg,#0e0e0e,#0d0d0d,#0e0e0e,
https://i.redd.it/nrafqoujmety.jpg,#000000,#010101,#090909,
https://i.redd.it/ftd3sx5ah13z.jpg,#000000,#010101,#090909,
https://i.redd.it/1nlgrn49x7ry.jpg,#0d100d,#0c0f0c,#0d100d,
http://i.imgur.com/6pnYQUv.jpg,#16181b,#15171a,#17191c,
https://i.redd.it/h5t3qddvvzry.jpg,#0e0e0e,#0d0d0d,#0e0e0e,
https://i.redd.it/ax4eueu0szpy.jpg,#bab9c3,#bbbbc9,#bab9c3,
http://i.imgur.com/qvnjbVw.jpg,#a7aab3,#a3a5a4,#a7aab3,
https://i.redd.it/d8021b5i2moy.jpg,#000000,#010101,#090909,
https://i.redd.it/1nlgrn49x7ry.jpg,#0d100d,#0c0f0c,#0d100d,
https://i.redd.it/c5pk0vnpg3ty.jpg,#6e81cd,#6e82cb,#6c82cd,
https://i.redd.it/1nlgrn49x7ry.jpg,#0d100d,#0c0f0c,#0d100d,
https://i.redd.it/d8021b5i2moy.jpg,#000000,#010101,#090909,
https://i.redd.it/nrafqoujmety.jpg,#000000,#010101,#090909,
https://i.redd.it/d8021b5i2moy.jpg,#000000,#010101,#090909,
https://i.redd.it/fsuv32a1cc9y.jpg,#000000,#010101,#090909,
https://i.redd.it/ihczg3pmle3z.jpg,#a2ac9b,#a1ab9a,#a3ad9c,
http://i.imgur.com/puEqa4C.jpg,#8f8d9b,#8e8c9a,#908e9c,
https://i.redd.it/fsuv32a1cc9y.jpg,#000000,#010101,#090909,
http://i.imgur.com/sXhEQez.jpg,#ffffff,#000000,#fefefe,
https://i.redd.it/d8021b5i2moy.jpg,#000000,#010101,#090909,
https://i.redd.it/4m5yk8gjrtzy.jpg,#000000,#010101,#000000,
https://i.redd.it/ftd3sx5ah13z.jpg,#000000,#010101,#090909,
https://i.redd.it/ihczg3pmle3z.jpg,#a2ac9b,#a1ab9a,#a3ad9c,
https://i.redd.it/nrafqoujmety.jpg,#000000,#010101,#090909,
https://i.redd.it/d8021b5i2moy.jpg,#000000,#010101,#090909,
http://i.imgur.com/6pnYQUv.jpg,#16181b,#15171a,#17191c,
https://i.redd.it/ftd3sx5ah13z.jpg,#000000,#010101,#090909,
https://i.redd.it/d8021b5i2moy.jpg,#000000,#010101,#090909,
https://i.redd.it/1nlgrn49x7ry.jpg,#0d100d,#0c0f0c,#0d100d,
http://i.imgur.com/6pnYQUv.jpg,#16181b,#15171a,#17191c,
https://i.redd.it/4m5yk8gjrtzy.jpg,#000000,#010101,#000000,
http://i.imgur.com/qvnjbVw.jpg,#a7aab3,#a3a5a4,#a7aab3,
http://i.imgur.com/puEqa4C.jpg,#8f8d9b,#8e8c9a,#908e9c,
https://i.redd.it/ru12lvaf7jyy.jpg,#9c9896,#9b9795,#9d9997,
https://i.redd.it/d8021b5i2moy.jpg,#000000,#010101,#090909,
https://i.redd.it/fsuv32a1cc9y.jpg,#000000,#010101,#090909,
http://i.imgur.com/qvnjbVw.jpg,#a7aab3,#a3a5a4,#a7aab3,
https://i.redd.it/4m5yk8gjrtzy.jpg,#000000,#010101,#000000,
https://i.redd.it/c5pk0vnpg3ty.jpg,#6e81cd,#6e82cb,#6c82cd,
https://i.redd.it/rubsfuf64lvy.jpg,#b9b2a0,#b8b19f,#bab3a1,
http://i.imgur.com/sXhEQez.jpg,#ffffff,#000000,#fefefe,
https://i.redd.it/4m5yk8gjrtzy.jpg,#000000,#010101,#000000,
http://i.imgur.com/tyDhTll.jpg,#060604,#070705,#060604,
https://i.redd.it/s5viyluv421z.jpg,#79512e,#78502d,#7b5330,
http://i.imgur.com/RycdbMO.jpg,#f8ffff,#faffff,#f6ffff,
https://i.redd.it/h5t3qddvvzry.jpg,#0e0e0e,#0d0d0d,#0e0e0e,
https://i.redd.it/d8021b5i2moy.jpg,#000000,#010101,#090909,
https://i.redd.it/tb5pckm6e72y.jpg,#a0a19d,#b5b4a4,#b7b5aa,
http://i.imgur.com/tyDhTll.jpg,#060604,#070705,#060604,
https://i.redd.it/nrafqoujmety.jpg,#000000,#010101,#090909,
https://i.redd.it/fsuv32a1cc9y.jpg,#000000,#010101,#090909,
http://i.imgur.com/puEqa4C.jpg,#8f8d9b,#8e8c9a,#908e9c,
https://i.redd.it/h5t3qddvvzry.jpg,#0e0e0e,#0d0d0d,#0e0e0e,
http://i.imgur.com/tyDhTll.jpg,#060604,#070705,#060604,
http://i.imgur.com/FApqk3D.jpg,#ffffff,#fdfffd,#000000,
https://i.redd.it/w5q6gldnvcuy.jpg,#f3f3f3,#f2f2f2,#f1f3f2,
https://i.redd.it/cpkq97klre4z.jpg,#767767,#757666,#777868,
http://i.imgur.com/tyDhTll.jpg,#060604,#070705,#060604,
https://i.redd.it/ru12lvaf7jyy.jpg,#9c9896,#9b9795,#9d9997,
https://i.redd.it/fsuv32a1cc9y.jpg,#000000,#010101,#090909,
https://i.redd.it/fsuv32a1cc9y.jpg,#000000,#010101,#090909,
https://i.redd.it/w5q6gldnvcuy.jpg,#f3f3f3,#f2f2f2,#f1f3f2,
http://i.imgur.com/qvnjbVw.jpg,#a7aab3,#a3a5a4,#a7aab3,
http://i.imgur.com/qvnjbVw.jpg,#a7aab3,#a3a5a4,#a7aab3,
https://i.redd.it/fsuv32a1cc9y.jpg,#000000,#010101,#090909,
https://i.redd.it/nrafqoujmety.jpg,#000000,#010101,#090909,
https://i.redd.it/1nlgrn49x7ry.jpg,#0d100d,#0c0f0c,#0d100d,
http://i.imgur.com/qvnjbVw.jpg,#a7aab3,#a3a5a4,#a7aab3,
http://i.imgur.com/qvnjbVw.jpg,#a7aab3,#a3a5a4,#a7aab3,
https://i.redd.it/cpkq97klre4z.jpg,#767767,#757666,#777868,
https://i.redd.it/d8021b5i2moy.jpg,#000000,#010101,#090909,
https://i.redd.it/ax4eueu0szpy.jpg,#bab9c3,#bbbbc9,#bab9c3,
https://i.redd.it/7ofdqmp53bzy.jpg,#b2a585,#b1a484,#b3a686,
https://i.redd.it/c5pk0vnpg3ty.jpg,#6e81cd,#6e82cb,#6c82cd,
https://i.redd.it/c5pk0vnpg3ty.jpg,#6e81cd,#6e82cb,#6c82cd,
https://i.redd.it/nrafqoujmety.jpg,#000000,#010101,#090909,
https://i.redd.it/tb5pckm6e72y.jpg,#a0a19d,#b5b4a4,#b7b5aa,
http://i.imgur.com/TKLs9lo.jpg,#ffffff,#fefefe,#fdfdfd,
https://i.redd.it/d8021b5i2moy.jpg,#000000,#010101,#090909,
http://i.imgur.com/FApqk3D.jpg,#ffffff,#fdfffd,#000000,
https://i.redd.it/n9jq5j2tatcy.jpg,#f3ffff,#f2fefc,#f2fefe,
https://i.redd.it/cpkq97klre4z.jpg,#767767,#757666,#777868,
https://i.redd.it/rubsfuf64lvy.jpg,#b9b2a0,#b8b19f,#bab3a1,
https://i.redd.it/cwljeujku33z.jpg,#e9e6df,#e8e5de,#e4e1dc,
https://i.redd.it/cpkq97klre4z.jpg,#767767,#757666,#777868,
https://i.redd.it/c5pk0vnpg3ty.jpg,#6e81cd,#6e82cb,#6c82cd,
https://i.redd.it/cpkq97klre4z.jpg,#767767,#757666,#777868,
https://i.redd.it/ftd3sx5ah13z.jpg,#000000,#010101,#090909,
https://i.redd.it/ftd3sx5ah13z.jpg,#000000,#010101,#090909,
https://i.redd.it/ftd3sx5ah13z.jpg,#000000,#010101,#090909,
https://i.redd.it/c5pk0vnpg3ty.jpg,#6e81cd,#6e82cb,#6c82cd,
http://i.imgur.com/qvnjbVw.jpg,#a7aab3,#a3a5a4,#a7aab3,
https://i.redd.it/nrafqoujmety.jpg,#000000,#010101,#090909,
https://i.redd.it/d8021b5i2moy.jpg,#000000,#010101,#090909,
https://i.redd.it/0qow2dksb34z.jpg,#fefffe,#feffff,#fdfffe,
https://i.redd.it/ax4eueu0szpy.jpg,#bab9c3,#bbbbc9,#bab9c3,
https://i.redd.it/d8021b5i2moy.jpg,#000000,#010101,#090909,
https://i.redd.it/d8021b5i2moy.jpg,#000000,#010101,#090909,
http://i.imgur.com/qvnjbVw.jpg,#a7aab3,#a3a5a4,#a7aab3,
https://i.redd.it/cwljeujku33z.jpg,#e9e6df,#e8e5de,#e4e1dc,
https://i.redd.it/fyqzavufvjwy.jpg,#dcaf82,#dcaf80,#d9ac7f,
http://i.imgur.com/6pnYQUv.jpg,#16181b,#15171a,#17191c,
http://i.imgur.com/6pnYQUv.jpg,#16181b,#15171a,#17191c,
https://i.redd.it/cwljeujku33z.jpg,#e9e6df,#e8e5de,#e4e1dc,
http://i.imgur.com/TKLs9lo.jpg,#ffffff,#fefefe,#fdfdfd,
https://i.redd.it/s5viyluv421z.jpg,#79512e,#78502d,#7b5330,
https://i.redd.it/1nlgrn49x7ry.jpg,#0d100d,#0c0f0c,#0d100d,
http://i.imgur.com/puEqa4C.jpg,#8f8d9b,#8e8c9a,#908e9c,
https://i.redd.it/1nlgrn49x7ry.jpg,#0d100d,#0c0f0c,#0d100d,
https://i.redd.it/m4cfqp8wfv5z.jpg,#d0d0d0,#d1d1d1,#cfcfcf,
https://i.redd.it/cpkq97klre4z.jpg,#767767,#757666,#777868,
http://i.imgur.com/puEqa4C.jpg,#8f8d9b,#8e8c9a,#908e9c,
https://i.redd.it/fyqzavufvjwy.jpg,#dcaf82,#dcaf80,#d9ac7f,
https://i.redd.it/cwljeujku33z.jpg,#e9e6df,#e8e5de,#e4e1dc,
https://i.redd.it/c5pk0vnpg3ty.jpg,#6e81cd,#6e82cb,#6c82cd,
http://i.imgur.com/TKLs9lo.jpg,#ffffff,#fefefe,#fdfdfd,
https://i.redd.it/cwljeujku33z.jpg,#e9e6df,#e8e5de,#e4e1dc,
https://i.redd.it/fyqzavufvjwy.jpg,#dcaf82,#dcaf80,#d9ac7f,
http://i.imgur.com/tyDhTll.jpg,#060604,#070705,#060604,
http://i.imgur.com/TKLs9lo.jpg,#ffffff,#fefefe,#fdfdfd,
https://i.redd.it/fyqzavufvjwy.jpg,#dcaf82,#dcaf80,#d9ac7f,
https://i.redd.it/1nlgrn49x7ry.jpg,#0d100d,#0c0f0c,#0d100d,
http://i.imgur.com/qvnjbVw.jpg,#a7aab3,#a3a5a4,#a7aab3,
http://i.imgur.com/TKLs9lo.jpg,#ffffff,#fefefe,#fdfdfd,
http://i.imgur.com/puEqa4C.jpg,#8f8d9b,#8e8c9a,#908e9c,
https://i.redd.it/c5pk0vnpg3ty.jpg,#6e81cd,#6e82cb,#6c82cd,
https://i.redd.it/h5t3qddvvzry.jpg,#0e0e0e,#0d0d0d,#0e0e0e,
https://i.redd.it/4m5yk8gjrtzy.jpg,#000000,#010101,#000000,
https://i.redd.it/fyqzavufvjwy.jpg,#dcaf82,#dcaf80,#d9ac7f,
https://i.redd.it/ihczg3pmle3z.jpg,#a2ac9b,#a1ab9a,#a3ad9c,
http://i.imgur.com/puEqa4C.jpg,#8f8d9b,#8e8c9a,#908e9c,
http://i.imgur.com/TKLs9lo.jpg,#ffffff,#fefefe,#fdfdfd,
https://i.redd.it/c5pk0vnpg3ty.jpg,#6e81cd,#6e82cb,#6c82cd,
http://i.imgur.com/puEqa4C.jpg,#8f8d9b,#8e8c9a,#908e9c,
http://i.imgur.com/TKLs9lo.jpg,#ffffff,#fefefe,#fdfdfd,
http://i.imgur.com/6pnYQUv.jpg,#16181b,#15171a,#17191c,
https://i.redd.it/ihczg3pmle3z.jpg,#a2ac9b,#a1ab9a,#a3ad9c,
https://i.redd.it/fsuv32a1cc9y.jpg,#000000,#010101,#090909,
https://i.redd.it/s5viyluv421z.jpg,#79512e,#78502d,#7b5330,
http://i.imgur.com/sXhEQez.jpg,#ffffff,#000000,#fefefe,
http://i.imgur.com/6pnYQUv.jpg,#16181b,#15171a,#17191c,
http://i.imgur.com/tyDhTll.jpg,#060604,#070705,#060604,
https://i.redd.it/sn7ufk9fsv4z.jpg,#cbd0d6,#cacfd5,#c9ced4,
https://i.redd.it/tb5pckm6e72y.jpg,#a0a19d,#b5b4a4,#b7b5aa,
https://i.redd.it/s5viyluv421z.jpg,#79512e,#78502d,#7b5330,
https://i.redd.it/h5t3qddvvzry.jpg,#0e0e0e,#0d0d0d,#0e0e0e,
https://i.redd.it/c5pk0vnpg3ty.jpg,#6e81cd,#6e82cb,#6c82cd,
https://i.redd.it/tb5pckm6e72y.jpg,#a0a19d,#b5b4a4,#b7b5aa,
https://i.redd.it/cwljeujku33z.jpg,#e9e6df,#e8e5de,#e4e1dc,
https://i.redd.it/xae65ypfqycy.jpg,#f4f4f4,#c83a2e,#f3f3f3,
https://i.redd.it/xae65ypfqycy.jpg,#f4f4f4,#c83a2e,#f3f3f3,
http://i.imgur.com/M3NOzLC.jpg,#918e7b,#fffffe,#928f7c,
https://i.redd.it/cpkq97klre4z.jpg,#767767,#757666,#777868,
https://i.redd.it/fyqzavufvjwy.jpg,#dcaf82,#dcaf80,#d9ac7f,
https://i.redd.it/4m5yk8gjrtzy.jpg,#000000,#010101,#000000,
https://i.redd.it/4m5yk8gjrtzy.jpg,#000000,#010101,#000000,
https://i.redd.it/w5q6gldnvcuy.jpg,#f3f3f3,#f2f2f2,#f1f3f2,
http://i.imgur.com/6pnYQUv.jpg,#16181b,#15171a,#17191c,
https://i.redd.it/ihczg3pmle3z.jpg,#a2ac9b,#a1ab9a,#a3ad9c,
https://i.redd.it/s5viyluv421z.jpg,#79512e,#78502d,#7b5330,
http://i.imgur.com/FApqk3D.jpg,#ffffff,#fdfffd,#000000,
https://i.redd.it/fyqzavufvjwy.jpg,#dcaf82,#dcaf80,#d9ac7f,
https://i.imgur.com/HRgRMOw.jpg,#a3a2a7,#3d8958,#a2a1a6,
https://i.redd.it/ax4eueu0szpy.jpg,#bab9c3,#bbbbc9,#bab9c3,
http://i.imgur.com/RycdbMO.jpg,#f8ffff,#faffff,#f6ffff,
http://i.imgur.com/qvnjbVw.jpg,#a7aab3,#a3a5a4,#a7aab3,
https://i.imgur.com/HRgRMOw.jpg,#a3a2a7,#3d8958,#a2a1a6,
http://i.imgur.com/sXhEQez.jpg,#ffffff,#000000,#fefefe,
http://i.imgur.com/6pnYQUv.jpg,#16181b,#15171a,#17191c,
https://i.redd.it/ihczg3pmle3z.jpg,#a2ac9b,#a1ab9a,#a3ad9c,
http://i.imgur.com/TKLs9lo.jpg,#ffffff,#fefefe,#fdfdfd,
http://i.imgur.com/tyDhTll.jpg,#060604,#070705,#060604,
http://i.imgur.com/tyDhTll.jpg,#060604,#070705,#060604,
http://i.imgur.com/puEqa4C.jpg,#8f8d9b,#8e8c9a,#908e9c,
http://i.imgur.com/TKLs9lo.jpg,#ffffff,#fefefe,#fdfdfd,
http://i.imgur.com/RycdbMO.jpg,#f8ffff,#faffff,#f6ffff,
https://i.redd.it/n9jq5j2tatcy.jpg,#f3ffff,#f2fefc,#f2fefe,
https://i.redd.it/xae65ypfqycy.jpg,#f4f4f4,#c83a2e,#f3f3f3,
https://i.redd.it/cpkq97klre4z.jpg,#767767,#757666,#777868,
https://i.redd.it/ihczg3pmle3z.jpg,#a2ac9b,#a1ab9a,#a3ad9c,
http://i.imgur.com/TKLs9lo.jpg,#ffffff,#fefefe,#fdfdfd,
http://i.imgur.com/puEqa4C.jpg,#8f8d9b,#8e8c9a,#908e9c,
https://i.redd.it/ax4eueu0szpy.jpg,#bab9c3,#bbbbc9,#bab9c3,
https://i.redd.it/4m5yk8gjrtzy.jpg,#000000,#010101,#000000,
http://i.imgur.com/tyDhTll.jpg,#060604,#070705,#060604,
http://i.imgur.com/6pnYQUv.jpg,#16181b,#15171a,#17191c,
http://i.imgur.com/tyDhTll.jpg,#060604,#070705,#060604,
http://i.imgur.com/tyDhTll.jpg,#060604,#070705,#060604,
http://i.imgur.com/RycdbMO.jpg,#f8ffff,#faffff,#f6ffff,
https://i.redd.it/tb5pckm6e72y.jpg,#a0a19d,#b5b4a4,#b7b5aa,
https://i.redd.it/1nlgrn49x7ry.jpg,#0d100d,#0c0f0c,#0d100d,
https://i.redd.it/h5t3qddvvzry.jpg,#0e0e0e,#0d0d0d,#0e0e0e,
https://i.redd.it/h5t3qddvvzry.jpg,#0e0e0e,#0d0d0d,#0e0e0e,
http://i.imgur.com/6pnYQUv.jpg,#16181b,#15171a,#17191c,
https://i.redd.it/c5pk0vnpg3ty.jpg,#6e81cd,#6e82cb,#6c82cd,
https://i.redd.it/fyqzavufvjwy.jpg,#dcaf82,#dcaf80,#d9ac7f,
https://i.redd.it/cpkq97klre4z.jpg,#767767,#757666,#777868,
https://i.redd.it/nrafqoujmety.jpg,#000000,#010101,#090909,
http://i.imgur.com/6pnYQUv.jpg,#16181b,#15171a,#17191c,
https://i.redd.it/tb5pckm6e72y.jpg,#a0a19d,#b5b4a4,#b7b5aa,
https://i.redd.it/n9jq5j2tatcy.jpg,#f3ffff,#f2fefc,#f2fefe,
https://i.redd.it/tb5pckm6e72y.jpg,#a0a19d,#b5b4a4,#b7b5aa,
http://i.imgur.com/qvnjbVw.jpg,#a7aab3,#a3a5a4,#a7aab3,
https://i.redd.it/4m5yk8gjrtzy.jpg,#000000,#010101,#000000,
https://i.redd.it/ihczg3pmle3z.jpg,#a2ac9b,#a1ab9a,#a3ad9c,
https://i.redd.it/4m5yk8gjrtzy.jpg,#000000,#010101,#000000,
https://i.redd.it/ax4eueu0szpy.jpg,#bab9c3,#bbbbc9,#bab9c3,
https://i.redd.it/fyqzavufvjwy.jpg,#dcaf82,#dcaf80,#d9ac7f,
http://i.imgur.com/tyDhTll.jpg,#060604,#070705,#060604,
http://i.imgur.com/qvnjbVw.jpg,#a7aab3,#a3a5a4,#a7aab3,
https://i.redd.it/c5pk0vnpg3ty.jpg,#6e81cd,#6e82cb,#6c82cd,
https://i.redd.it/tb5pckm6e72y.jpg,#a0a19d,#b5b4a4,#b7b5aa,
http://i.imgur.com/M3NOzLC.jpg,#918e7b,#fffffe,#928f7c,
https://i.redd.it/1nlgrn49x7ry.jpg,#0d100d,#0c0f0c,#0d100d,
https://i.redd.it/sn7ufk9fsv4z.jpg,#cbd0d6,#cacfd5,#c9ced4,
http://i.imgur.com/tyDhTll.jpg,#060604,#070705,#060604,
http://i.imgur.com/6pnYQUv.jpg,#16181b,#15171a,#17191c,
http://i.imgur.com/TKLs9lo.jpg,#ffffff,#fefefe,#fdfdfd,
https://i.redd.it/rubsfuf64lvy.jpg,#b9b2a0,#b8b19f,#bab3a1,
https://i.redd.it/n9jq5j2tatcy.jpg,#f3ffff,#f2fefc,#f2fefe,
https://i.redd.it/s5viyluv421z.jpg,#79512e,#78502d,#7b5330,
https://i.redd.it/xae65ypfqycy.jpg,#f4f4f4,#c83a2e,#f3f3f3,
http://i.imgur.com/6pnYQUv.jpg,#16181b,#15171a,#17191c,
https://i.redd.it/rubsfuf64lvy.jpg,#b9b2a0,#b8b19f,#bab3a1,
http://i.imgur.com/TKLs9lo.jpg,#ffffff,#fefefe,#fdfdfd,
https://i.redd.it/n9jq5j2tatcy.jpg,#f3ffff,#f2fefc,#f2fefe,
http://i.imgur.com/TKLs9lo.jpg,#ffffff,#fefefe,#fdfdfd,
https://i.redd.it/ihczg3pmle3z.jpg,#a2ac9b,#a1ab9a,#a3ad9c,
https://i.redd.it/cwljeujku33z.jpg,#e9e6df,#e8e5de,#e4e1dc,
https://i.redd.it/h5t3qddvvzry.jpg,#0e0e0e,#0d0d0d,#0e0e0e,
https://i.redd.it/s5viyluv421z.jpg,#79512e,#78502d,#7b5330,
https://i.redd.it/ihczg3pmle3z.jpg,#a2ac9b,#a1ab9a,#a3ad9c,
https://i.redd.it/ax4eueu0szpy.jpg,#bab9c3,#bbbbc9,#bab9c3,
https://i.redd.it/h5t3qddvvzry.jpg,#0e0e0e,#0d0d0d,#0e0e0e,
https://i.redd.it/h5t3qddvvzry.jpg,#0e0e0e,#0d0d0d,#0e0e0e,
https://i.redd.it/4m5yk8gjrtzy.jpg,#000000,#010101,#000000,
https://i.redd.it/s5viyluv421z.jpg,#79512e,#78502d,#7b5330,
https://i.redd.it/rubsfuf64lvy.jpg,#b9b2a0,#b8b19f,#bab3a1,
https://i.redd.it/tb5pckm6e72y.jpg,#a0a19d,#b5b4a4,#b7b5aa,
https://i.redd.it/ftd3sx5ah13z.jpg,#000000,#010101,#090909,
https://i.redd.it/ihczg3pmle3z.jpg,#a2ac9b,#a1ab9a,#a3ad9c,
http://i.imgur.com/tyDhTll.jpg,#060604,#070705,#060604,
https://i.redd.it/nrafqoujmety.jpg,#000000,#010101,#090909,
https://i.redd.it/4m5yk8gjrtzy.jpg,#000000,#010101,#000000,
https://i.redd.it/h5t3qddvvzry.jpg,#0e0e0e,#0d0d0d,#0e0e0e,
https://i.redd.it/cwljeujku33z.jpg,#e9e6df,#e8e5de,#e4e1dc,
https://i.redd.it/s5viyluv421z.jpg,#79512e,#78502d,#7b5330,
https://i.redd.it/h5t3qddvvzry.jpg,#0e0e0e,#0d0d0d,#0e0e0e,
http://i.imgur.com/TKLs9lo.jpg,#ffffff,#fefefe,#fdfdfd,
https://i.redd.it/h5t3qddvvzry.jpg,#0e0e0e,#0d0d0d,#0e0e0e,
https://i.redd.it/n9jq5j2tatcy.jpg,#f3ffff,#f2fefc,#f2fefe,
http://i.imgur.com/RycdbMO.jpg,#f8ffff,#faffff,#f6ffff,
http://i.imgur.com/6pnYQUv.jpg,#16181b,#15171a,#17191c,
https://i.redd.it/1nlgrn49x7ry.jpg,#0d100d,#0c0f0c,#0d100d,
https://i.redd.it/1nlgrn49x7ry.jpg,#0d100d,#0c0f0c,#0d100d,
https://i.redd.it/guul6eld2soy.jpg,#89836b,#807b66,#86816d,
https://i.redd.it/1nlgrn49x7ry.jpg,#0d100d,#0c0f0c,#0d100d,
https://i.redd.it/tb5pckm6e72y.jpg,#a0a19d,#b5b4a4,#b7b5aa,
https://i.redd.it/fyqzavufvjwy.jpg,#dcaf82,#dcaf80,#d9ac7f,
https://i.redd.it/w5q6gldnvcuy.jpg,#f3f3f3,#f2f2f2,#f1f3f2,
https://i.redd.it/fyqzavufvjwy.jpg,#dcaf82,#dcaf80,#d9ac7f,
https://i.redd.it/rubsfuf64lvy.jpg,#b9b2a0,#b8b19f,#bab3a1,
https://i.redd.it/1nlgrn49x7ry.jpg,#0d100d,#0c0f0c,#0d100d,
https://i.redd.it/tb5pckm6e72y.jpg,#a0a19d,#b5b4a4,#b7b5aa,
https://i.redd.it/ihczg3pmle3z.jpg,#a2ac9b,#a1ab9a,#a3ad9c,
https://i.redd.it/tb5pckm6e72y.jpg,#a0a19d,#b5b4a4,#b7b5aa,
https://i.redd.it/w5q6gldnvcuy.jpg,#f3f3f3,#f2f2f2,#f1f3f2,
http://i.imgur.com/sXhEQez.jpg,#ffffff,#000000,#fefefe,
https://i.redd.it/ax4eueu0szpy.jpg,#bab9c3,#bbbbc9,#bab9c3,
https://i.redd.it/cpkq97klre4z.jpg,#767767,#757666,#777868,
https://i.redd.it/xae65ypfqycy.jpg,#f4f4f4,#c83a2e,#f3f3f3,
https://i.redd.it/rubsfuf64lvy.jpg,#b9b2a0,#b8b19f,#bab3a1,
http://i.imgur.com/6pnYQUv.jpg,#16181b,#15171a,#17191c,
https://i.redd.it/tb5pckm6e72y.jpg,#a0a19d,#b5b4a4,#b7b5aa,
https://i.redd.it/xae65ypfqycy.jpg,#f4f4f4,#c83a2e,#f3f3f3,
http://i.imgur.com/RycdbMO.jpg,#f8ffff,#faffff,#f6ffff,
https://i.redd.it/cwljeujku33z.jpg,#e9e6df,#e8e5de,#e4e1dc,
https://i.redd.it/cpkq97klre4z.jpg,#767767,#757666,#777868,
http://i.imgur.com/sXhEQez.jpg,#ffffff,#000000,#fefefe,
https://i.redd.it/n9jq5j2tatcy.jpg,#f3ffff,#f2fefc,#f2fefe,
https://i.redd.it/guul6eld2soy.jpg,#89836b,#807b66,#86816d,
http://i.imgur.com/RycdbMO.jpg,#f8ffff,#faffff,#f6ffff,
http://i.imgur.com/6pnYQUv.jpg,#16181b,#15171a,#17191c,
http://i.imgur.com/TKLs9lo.jpg,#ffffff,#fefefe,#fdfdfd,
https://i.redd.it/cwljeujku33z.jpg,#e9e6df,#e8e5de,#e4e1dc,
https://i.redd.it/xae65ypfqycy.jpg,#f4f4f4,#c83a2e,#f3f3f3,
https://i.redd.it/cwljeujku33z.jpg,#e9e6df,#e8e5de,#e4e1dc,
https://i.redd.it/tb5pckm6e72y.jpg,#a0a19d,#b5b4a4,#b7b5aa,
https://i.redd.it/guul6eld2soy.jpg,#89836b,#807b66,#86816d,
https://i.redd.it/cwljeujku33z.jpg,#e9e6df,#e8e5de,#e4e1dc,
https://i.redd.it/cwljeujku33z.jpg,#e9e6df,#e8e5de,#e4e1dc,
https://i.redd.it/cpkq97klre4z.jpg,#767767,#757666,#777868,
https://i.redd.it/4m5yk8gjrtzy.jpg,#000000,#010101,#000000,
https://i.redd.it/ihczg3pmle3z.jpg,#a2ac9b,#a1ab9a,#a3ad9c,
https://i.redd.it/n9jq5j2tatcy.jpg,#f3ffff,#f2fefc,#f2fefe,
https://i.redd.it/ru12lvaf7jyy.jpg,#9c9896,#9b9795,#9d9997,
https://i.redd.it/c5pk0vnpg3ty.jpg,#6e81cd,#6e82cb,#6c82cd,
https://i.redd.it/0qow2dksb34z.jpg,#fefffe,#feffff,#fdfffe,
http://i.imgur.com/sXhEQez.jpg,#ffffff,#000000,#fefefe,
https://i.redd.it/h5t3qddvvzry.jpg,#0e0e0e,#0d0d0d,#0e0e0e,
https://i.redd.it/4m5yk8gjrtzy.jpg,#000000,#010101,#000000,
http://i.imgur.com/sXhEQez.jpg,#ffffff,#000000,#fefefe,
http://i.imgur.com/M3NOzLC.jpg,#918e7b,#fffffe,#928f7c,
https://i.redd.it/s5viyluv421z.jpg,#79512e,#78502d,#7b5330,
http://i.imgur.com/6pnYQUv.jpg,#16181b,#15171a,#17191c,
https://i.redd.it/d8021b5i2moy.jpg,#000000,#010101,#090909,
https://i.redd.it/1nlgrn49x7ry.jpg,#0d100d,#0c0f0c,#0d100d,
https://i.redd.it/fsuv32a1cc9y.jpg,#000000,#010101,#090909,
https://i.redd.it/ru12lvaf7jyy.jpg,#9c9896,#9b9795,#9d9997,
https://i.redd.it/cpkq97klre4z.jpg,#767767,#757666,#777868,
http://i.imgur.com/RycdbMO.jpg,#f8ffff,#faffff,#f6ffff,
http://i.imgur.com/FApqk3D.jpg,#ffffff,#fdfffd,#000000,
https://i.redd.it/xae65ypfqycy.jpg,#f4f4f4,#c83a2e,#f3f3f3,
https://i.redd.it/ru12lvaf7jyy.jpg,#9c9896,#9b9795,#9d9997,
http://i.imgur.com/RycdbMO.jpg,#f8ffff,#faffff,#f6ffff,
http://i.imgur.com/FApqk3D.jpg,#ffffff,#fdfffd,#000000,
http://i.imgur.com/TKLs9lo.jpg,#ffffff,#fefefe,#fdfdfd,
https://i.redd.it/ax4eueu0szpy.jpg,#bab9c3,#bbbbc9,#bab9c3,
https://i.redd.it/ru12lvaf7jyy.jpg,#9c9896,#9b9795,#9d9997,
https://i.redd.it/rubsfuf64lvy.jpg,#b9b2a0,#b8b19f,#bab3a1,
http://i.imgur.com/sXhEQez.jpg,#ffffff,#000000,#fefefe,
https://i.redd.it/ax4eueu0szpy.jpg,#bab9c3,#bbbbc9,#bab9c3,
https://i.redd.it/n9jq5j2tatcy.jpg,#f3ffff,#f2fefc,#f2fefe,
http://i.imgur.com/FApqk3D.jpg,#ffffff,#fdfffd,#000000,
https://i.redd.it/ihczg3pmle3z.jpg,#a2ac9b,#a1ab9a,#a3ad9c,
http://i.imgur.com/RycdbMO.jpg,#f8ffff,#faffff,#f6ffff,
https://i.redd.it/c5pk0vnpg3ty.jpg,#6e81cd,#6e82cb,#6c82cd,
http://i.imgur.com/puEqa4C.jpg,#8f8d9b,#8e8c9a,#908e9c,
http://i.imgur.com/tyDhTll.jpg,#060604,#070705,#060604,
http://i.imgur.com/RycdbMO.jpg,#f8ffff,#faffff,#f6ffff,
https://i.redd.it/xae65ypfqycy.jpg,#f4f4f4,#c83a2e,#f3f3f3,
https://i.redd.it/ru12lvaf7jyy.jpg,#9c9896,#9b9795,#9d9997,
http://i.imgur.com/FApqk3D.jpg,#ffffff,#fdfffd,#000000,
https://i.redd.it/s5viyluv421z.jpg,#79512e,#78502d,#7b5330,
http://i.imgur.com/sXhEQez.jpg,#ffffff,#000000,#fefefe,
https://i.redd.it/ihczg3pmle3z.jpg,#a2ac9b,#a1ab9a,#a3ad9c,
https://i.redd.it/ru12lvaf7jyy.jpg,#9c9896,#9b9795,#9d9997,
https://i.redd.it/fyqzavufvjwy.jpg,#dcaf82,#dcaf80,#d9ac7f,
http://i.imgur.com/sXhEQez.jpg,#ffffff,#000000,#fefefe,
https://i.redd.it/w5q6gldnvcuy.jpg,#f3f3f3,#f2f2f2,#f1f3f2,
http://i.imgur.com/sXhEQez.jpg,#ffffff,#000000,#fefefe,
https://i.redd.it/ru12lvaf7jyy.jpg,#9c9896,#9b9795,#9d9997,
http://i.imgur.com/lcEUZHv.jpg,#ffffff,#c6bcbf,#fefefe,
https://i.redd.it/rubsfuf64lvy.jpg,#b9b2a0,#b8b19f,#bab3a1,
http://i.imgur.com/sXhEQez.jpg,#ffffff,#000000,#fefefe,
https://i.redd.it/s5viyluv421z.jpg,#79512e,#78502d,#7b5330,
http://i.imgur.com/RycdbMO.jpg,#f8ffff,#faffff,#f6ffff,
https://i.redd.it/m4cfqp8wfv5z.jpg,#d0d0d0,#d1d1d1,#cfcfcf,
https://i.redd.it/xae65ypfqycy.jpg,#f4f4f4,#c83a2e,#f3f3f3,
https://i.redd.it/h5t3qddvvzry.jpg,#0e0e0e,#0d0d0d,#0e0e0e,
http://i.imgur.com/sXhEQez.jpg,#ffffff,#000000,#fefefe,
https://i.redd.it/cpkq97klre4z.jpg,#767767,#757666,#777868,
https://i.redd.it/ihczg3pmle3z.jpg,#a2ac9b,#a1ab9a,#a3ad9c,
http://i.imgur.com/tyDhTll.jpg,#060604,#070705,#060604,
https://i.redd.it/4m5yk8gjrtzy.jpg,#000000,#010101,#000000,
https://i.redd.it/4m5yk8gjrtzy.jpg,#000000,#010101,#000000,
http://i.imgur.com/qvnjbVw.jpg,#a7aab3,#a3a5a4,#a7aab3,
https://i.redd.it/fyqzavufvjwy.jpg,#dcaf82,#dcaf80,#d9ac7f,
https://i.imgur.com/HRgRMOw.jpg,#a3a2a7,#3d8958,#a2a1a6,
http://i.imgur.com/RycdbMO.jpg,#f8ffff,#faffff,#f6ffff,
http://i.imgur.com/FApqk3D.jpg,#ffffff,#fdfffd,#000000,
http://i.imgur.com/sXhEQez.jpg,#ffffff,#000000,#fefefe,
http://i.imgur.com/FApqk3D.jpg,#ffffff,#fdfffd,#000000,
http://i.imgur.com/tyDhTll.jpg,#060604,#070705,#060604,
http://i.imgur.com/FApqk3D.jpg,#ffffff,#fdfffd,#000000,
https://i.redd.it/n9jq5j2tatcy.jpg,#f3ffff,#f2fefc,#f2fefe,
http://i.imgur.com/sXhEQez.jpg,#ffffff,#000000,#fefefe,
https://i.redd.it/sn7ufk9fsv4z.jpg,#cbd0d6,#cacfd5,#c9ced4,
http://i.imgur.com/TKLs9lo.jpg,#ffffff,#fefefe,#fdfdfd,
http://i.imgur.com/lcEUZHv.jpg,#ffffff,#c6bcbf,#fefefe,
https://i.redd.it/cwljeujku33z.jpg,#e9e6df,#e8e5de,#e4e1dc,
http://i.imgur.com/M3NOzLC.jpg,#918e7b,#fffffe,#928f7c,
https://i.redd.it/fyqzavufvjwy.jpg,#dcaf82,#dcaf80,#d9ac7f,
https://i.redd.it/c5pk0vnpg3ty.jpg,#6e81cd,#6e82cb,#6c82cd,
https://i.redd.it/w5q6gldnvcuy.jpg,#f3f3f3,#f2f2f2,#f1f3f2,
http://i.imgur.com/FApqk3D.jpg,#ffffff,#fdfffd,#000000,
https://i.redd.it/s5viyluv421z.jpg,#79512e,#78502d,#7b5330,
https://i.redd.it/tb5pckm6e72y.jpg,#a0a19d,#b5b4a4,#b7b5aa,
https://i.redd.it/cpkq97klre4z.jpg,#767767,#757666,#777868,
http://i.imgur.com/FApqk3D.jpg,#ffffff,#fdfffd,#000000,
https://i.redd.it/1nlgrn49x7ry.jpg,#0d100d,#0c0f0c,#0d100d,
https://i.redd.it/cpkq97klre4z.jpg,#767767,#757666,#777868,
https://i.redd.it/4m5yk8gjrtzy.jpg,#000000,#010101,#000000,
http://i.imgur.com/FApqk3D.jpg,#ffffff,#fdfffd,#000000,
https://i.redd.it/s5viyluv421z.jpg,#79512e,#78502d,#7b5330,
https://i.redd.it/tb5pckm6e72y.jpg,#a0a19d,#b5b4a4,#b7b5aa,
https://i.redd.it/h5t3qddvvzry.jpg,#0e0e0e,#0d0d0d,#0e0e0e,
https://i.redd.it/cwljeujku33z.jpg,#e9e6df,#e8e5de,#e4e1dc,
http://i.imgur.com/RycdbMO.jpg,#f8ffff,#faffff,#f6ffff,
https://i.redd.it/1nlgrn49x7ry.jpg,#0d100d,#0c0f0c,#0d100d,
http://i.imgur.com/lcEUZHv.jpg,#ffffff,#c6bcbf,#fefefe,
https://i.redd.it/s5viyluv421z.jpg,#79512e,#78502d,#7b5330,
https://i.redd.it/1nlgrn49x7ry.jpg,#0d100d,#0c0f0c,#0d100d,
https://i.redd.it/tb5pckm6e72y.jpg,#a0a19d,#b5b4a4,#b7b5aa,
http://i.imgur.com/M3NOzLC.jpg,#918e7b,#fffffe,#928f7c,
http://i.imgur.com/pt9rmrv.jpg,#fefffd,#ffffff,#fefffd,
http://i.imgur.com/puEqa4C.jpg,#8f8d9b,#8e8c9a,#908e9c,
https://i.redd.it/cpkq97klre4z.jpg,#767767,#757666,#777868,
https://i.redd.it/tb5pckm6e72y.jpg,#a0a19d,#b5b4a4,#b7b5aa,
http://i.imgur.com/lcEUZHv.jpg,#ffffff,#c6bcbf,#fefefe,
https://i.redd.it/1nlgrn49x7ry.jpg,#0d100d,#0c0f0c,#0d100d,
https://i.redd.it/xae65ypfqycy.jpg,#f4f4f4,#c83a2e,#f3f3f3,
https://i.redd.it/fyqzavufvjwy.jpg,#dcaf82,#dcaf80,#d9ac7f,
https://i.redd.it/rubsfuf64lvy.jpg,#b9b2a0,#b8b19f,#bab3a1,
http://i.imgur.com/lcEUZHv.jpg,#ffffff,#c6bcbf,#fefefe,
http://i.imgur.com/puEqa4C.jpg,#8f8d9b,#8e8c9a,#908e9c,
http://i.imgur.com/tyDhTll.jpg,#060604,#070705,#060604,
https://i.redd.it/1nlgrn49x7ry.jpg,#0d100d,#0c0f0c,#0d100d,
http://i.imgur.com/RycdbMO.jpg,#f8ffff,#faffff,#f6ffff,
http://i.imgur.com/M3NOzLC.jpg,#918e7b,#fffffe,#928f7c,
http://i.imgur.com/sXhEQez.jpg,#ffffff,#000000,#fefefe,
http://i.imgur.com/lcEUZHv.jpg,#ffffff,#c6bcbf,#fefefe,
http://i.imgur.com/qvnjbVw.jpg,#a7aab3,#a3a5a4,#a7aab3,
https://i.redd.it/rubsfuf64lvy.jpg,#b9b2a0,#b8b19f,#bab3a1,
http://i.imgur.com/qvnjbVw.jpg,#a7aab3,#a3a5a4,#a7aab3,
https://i.redd.it/w5q6gldnvcuy.jpg,#f3f3f3,#f2f2f2,#f1f3f2,
https://i.redd.it/w5q6gldnvcuy.jpg,#f3f3f3,#f2f2f2,#f1f3f2,
http://i.imgur.com/lcEUZHv.jpg,#ffffff,#c6bcbf,#fefefe,
https://i.redd.it/tb5pckm6e72y.jpg,#a0a19d,#b5b4a4,#b7b5aa,
http://i.imgur.com/lcEUZHv.jpg,#ffffff,#c6bcbf,#fefefe,
http://i.imgur.com/M3NOzLC.jpg,#918e7b,#fffffe,#928f7c,
http://i.imgur.com/puEqa4C.jpg,#8f8d9b,#8e8c9a,#908e9c,
https://i.redd.it/ihczg3pmle3z.jpg,#a2ac9b,#a1ab9a,#a3ad9c,
http://i.imgur.com/FApqk3D.jpg,#ffffff,#fdfffd,#000000,
http://i.imgur.com/M3NOzLC.jpg,#918e7b,#fffffe,#928f7c,
https://i.redd.it/ax4eueu0szpy.jpg,#bab9c3,#bbbbc9,#bab9c3,
https://i.redd.it/n9jq5j2tatcy.jpg,#f3ffff,#f2fefc,#f2fefe,
http://i.imgur.com/6pnYQUv.jpg,#16181b,#15171a,#17191c,
https://i.redd.it/xae65ypfqycy.jpg,#f4f4f4,#c83a2e,#f3f3f3,
http://i.imgur.com/qvnjbVw.jpg,#a7aab3,#a3a5a4,#a7aab3,
https://i.redd.it/guul6eld2soy.jpg,#89836b,#807b66,#86816d,
http://i.imgur.com/FApqk3D.jpg,#ffffff,#fdfffd,#000000,
https://i.redd.it/cwljeujku33z.jpg,#e9e6df,#e8e5de,#e4e1dc,
https://i.redd.it/w5q6gldnvcuy.jpg,#f3f3f3,#f2f2f2,#f1f3f2,
https://i.redd.it/xae65ypfqycy.jpg,#f4f4f4,#c83a2e,#f3f3f3,
https://i.redd.it/xae65ypfqycy.jpg,#f4f4f4,#c83a2e,#f3f3f3,
https://i.redd.it/4m5yk8gjrtzy.jpg,#000000,#010101,#000000,
https://i.redd.it/w5q6gldnvcuy.jpg,#f3f3f3,#f2f2f2,#f1f3f2,
http://i.imgur.com/FApqk3D.jpg,#ffffff,#fdfffd,#000000,
https://i.redd.it/cwljeujku33z.jpg,#e9e6df,#e8e5de,#e4e1dc,
https://i.imgur.com/HRgRMOw.jpg,#a3a2a7,#3d8958,#a2a1a6,
https://i.redd.it/w5q6gldnvcuy.jpg,#f3f3f3,#f2f2f2,#f1f3f2,
http://i.imgur.com/M3NOzLC.jpg,#918e7b,#fffffe,#928f7c,
https://i.redd.it/4m5yk8gjrtzy.jpg,#000000,#010101,#000000,
http://i.imgur.com/sXhEQez.jpg,#ffffff,#000000,#fefefe,
https://i.redd.it/1nlgrn49x7ry.jpg,#0d100d,#0c0f0c,#0d100d,
http://i.imgur.com/lcEUZHv.jpg,#ffffff,#c6bcbf,#fefefe,
https://i.redd.it/4m5yk8gjrtzy.jpg,#000000,#010101,#000000,
https://i.redd.it/h5t3qddvvzry.jpg,#0e0e0e,#0d0d0d,#0e0e0e,
https://i.redd.it/ru12lvaf7jyy.jpg,#9c9896,#9b9795,#9d9997,
http://i.imgur.com/sXhEQez.jpg,#ffffff,#000000,#fefefe,
https://i.redd.it/s5viyluv421z.jpg,#79512e,#78502d,#7b5330,
http://i.imgur.com/pt9rmrv.jpg,#fefffd,#ffffff,#fefffd,
http://i.imgur.com/lcEUZHv.jpg,#ffffff,#c6bcbf,#fefefe,
https://i.redd.it/ru12lvaf7jyy.jpg,#9c9896,#9b9795,#9d9997,
http://i.imgur.com/sXhEQez.jpg,#ffffff,#000000,#fefefe,
https://i.redd.it/w5q6gldnvcuy.jpg,#f3f3f3,#f2f2f2,#f1f3f2,
http://i.imgur.com/pt9rmrv.jpg,#fefffd,#ffffff,#fefffd,
http://i.imgur.com/sXhEQez.jpg,#ffffff,#000000,#fefefe,
http://i.imgur.com/qvnjbVw.jpg,#a7aab3,#a3a5a4,#a7aab3,
http://i.imgur.com/TKLs9lo.jpg,#ffffff,#fefefe,#fdfdfd,
http://i.imgur.com/FApqk3D.jpg,#ffffff,#fdfffd,#000000,
https://i.redd.it/w5q6gldnvcuy.jpg,#f3f3f3,#f2f2f2,#f1f3f2,
http://i.imgur.com/M3NOzLC.jpg,#918e7b,#fffffe,#928f7c,
http://i.imgur.com/lcEUZHv.jpg,#ffffff,#c6bcbf,#fefefe,
https://i.redd.it/cwljeujku33z.jpg,#e9e6df,#e8e5de,#e4e1dc,
https://i.redd.it/xae65ypfqycy.jpg,#f4f4f4,#c83a2e,#f3f3f3,
http://i.imgur.com/lcEUZHv.jpg,#ffffff,#c6bcbf,#fefefe,
http://i.imgur.com/pt9rmrv.jpg,#fefffd,#ffffff,#fefffd,
http://i.imgur.com/sXhEQez.jpg,#ffffff,#000000,#fefefe,
http://i.imgur.com/lcEUZHv.jpg,#ffffff,#c6bcbf,#fefefe,
https://i.redd.it/ru12lvaf7jyy.jpg,#9c9896,#9b9795,#9d9997,
https://i.redd.it/fyqzavufvjwy.jpg,#dcaf82,#dcaf80,#d9ac7f,
https://i.redd.it/c5pk0vnpg3ty.jpg,#6e81cd,#6e82cb,#6c82cd,
https://i.redd.it/h5t3qddvvzry.jpg,#0e0e0e,#0d0d0d,#0e0e0e,
http://i.imgur.com/FApqk3D.jpg,#ffffff,#fdfffd,#000000,
http://i.imgur.com/pt9rmrv.jpg,#fefffd,#ffffff,#fefffd,
https://i.redd.it/ru12lvaf7jyy.jpg,#9c9896,#9b9795,#9d9997,
http://i.imgur.com/RycdbMO.jpg,#f8ffff,#faffff,#f6ffff,
https://i.redd.it/n9jq5j2tatcy.jpg,#f3ffff,#f2fefc,#f2fefe,
http://i.imgur.com/lcEUZHv.jpg,#ffffff,#c6bcbf,#fefefe,
http://i.imgur.com/lcEUZHv.jpg,#ffffff,#c6bcbf,#fefefe,
https://i.redd.it/tb5pckm6e72y.jpg,#a0a19d,#b5b4a4,#b7b5aa,
https://i.redd.it/cpkq97klre4z.jpg,#767767,#757666,#777868,
http://i.imgur.com/pt9rmrv.jpg,#fefffd,#ffffff,#fefffd,
http://i.imgur.com/RycdbMO.jpg,#f8ffff,#faffff,#f6ffff,
https://i.redd.it/ru12lvaf7jyy.jpg,#9c9896,#9b9795,#9d9997,
https://i.redd.it/h5t3qddvvzry.jpg,#0e0e0e,#0d0d0d,#0e0e0e,
http://i.imgur.com/FApqk3D.jpg,#ffffff,#fdfffd,#000000,
https://i.redd.it/s5viyluv421z.jpg,#79512e,#78502d,#7b5330,
http://i.imgur.com/6pnYQUv.jpg,#16181b,#15171a,#17191c,
https://i.redd.it/ru12lvaf7jyy.jpg,#9c9896,#9b9795,#9d9997,
http://i.imgur.com/sXhEQez.jpg,#ffffff,#000000,#fefefe,
https://i.redd.it/cpkq97klre4z.jpg,#767767,#757666,#777868,
https://i.redd.it/ru12lvaf7jyy.jpg,#9c9896,#9b9795,#9d9997,
https://i.redd.it/rubsfuf64lvy.jpg,#b9b2a0,#b8b19f,#bab3a1,
https://i.redd.it/h5t3qddvvzry.jpg,#0e0e0e,#0d0d0d,#0e0e0e,
https://i.redd.it/ihczg3pmle3z.jpg,#a2ac9b,#a1ab9a,#a3ad9c,
https://i.redd.it/rubsfuf64lvy.jpg,#b9b2a0,#b8b19f,#bab3a1,
http://i.imgur.com/RycdbMO.jpg,#f8ffff,#faffff,#f6ffff,
https://i.redd.it/w5q6gldnvcuy.jpg,#f3f3f3,#f2f2f2,#f1f3f2,
http://i.imgur.com/TKLs9lo.jpg,#ffffff,#fefefe,#fdfdfd,
http://i.imgur.com/puEqa4C.jpg,#8f8d9b,#8e8c9a,#908e9c,
http://i.imgur.com/lcEUZHv.jpg,#ffffff,#c6bcbf,#fefefe,
http://i.imgur.com/lcEUZHv.jpg,#ffffff,#c6bcbf,#fefefe,
http://i.imgur.com/tyDhTll.jpg,#060604,#070705,#060604,
https://i.redd.it/rubsfuf64lvy.jpg,#b9b2a0,#b8b19f,#bab3a1,
http://i.imgur.com/sXhEQez.jpg,#ffffff,#000000,#fefefe,
https://i.redd.it/1nlgrn49x7ry.jpg,#0d100d,#0c0f0c,#0d100d,
https://i.redd.it/xae65ypfqycy.jpg,#f4f4f4,#c83a2e,#f3f3f3,
http://i.imgur.com/FApqk3D.jpg,#ffffff,#fdfffd,#000000,
http://i.imgur.com/pt9rmrv.jpg,#fefffd,#ffffff,#fefffd,
http://i.imgur.com/lcEUZHv.jpg,#ffffff,#c6bcbf,#fefefe,
http://i.imgur.com/6pnYQUv.jpg,#16181b,#15171a,#17191c,
http://i.imgur.com/6pnYQUv.jpg,#16181b,#15171a,#17191c,
http://i.imgur.com/lcEUZHv.jpg,#ffffff,#c6bcbf,#fefefe,
http://i.imgur.com/FApqk3D.jpg,#ffffff,#fdfffd,#000000,
http://i.imgur.com/pt9rmrv.jpg,#fefffd,#ffffff,#fefffd,
https://i.redd.it/cwljeujku33z.jpg,#e9e6df,#e8e5de,#e4e1dc,
http://i.imgur.com/FApqk3D.jpg,#ffffff,#fdfffd,#000000,
https://i.redd.it/sn7ufk9fsv4z.jpg,#cbd0d6,#cacfd5,#c9ced4,
https://i.redd.it/s5viyluv421z.jpg,#79512e,#78502d,#7b5330,
https://i.imgur.com/HRgRMOw.jpg,#a3a2a7,#3d8958,#a2a1a6,
https://i.redd.it/cpkq97klre4z.jpg,#767767,#757666,#777868,
https://i.redd.it/ax4eueu0szpy.jpg,#bab9c3,#bbbbc9,#bab9c3,
https://i.imgur.com/HRgRMOw.jpg,#a3a2a7,#3d8958,#a2a1a6,
https://i.redd.it/ru12lvaf7jyy.jpg,#9c9896,#9b9795,#9d9997,
https://i.redd.it/4m5yk8gjrtzy.jpg,#000000,#010101,#000000,
https://i.redd.it/sn7ufk9fsv4z.jpg,#cbd0d6,#cacfd5,#c9ced4,
http://i.imgur.com/RycdbMO.jpg,#f8ffff,#faffff,#f6ffff,
http://i.imgur.com/M3NOzLC.jpg,#918e7b,#fffffe,#928f7c,
https://i.redd.it/n9jq5j2tatcy.jpg,#f3ffff,#f2fefc,#f2fefe,
https://i.redd.it/sn7ufk9fsv4z.jpg,#cbd0d6,#cacfd5,#c9ced4,
https://i.redd.it/fyqzavufvjwy.jpg,#dcaf82,#dcaf80,#d9ac7f,
https://i.redd.it/guul6eld2soy.jpg,#89836b,#807b66,#86816d,
https://i.redd.it/guul6eld2soy.jpg,#89836b,#807b66,#86816d,
https://i.redd.it/w5q6gldnvcuy.jpg,#f3f3f3,#f2f2f2,#f1f3f2,
https://i.imgur.com/HRgRMOw.jpg,#a3a2a7,#3d8958,#a2a1a6,
http://i.imgur.com/RycdbMO.jpg,#f8ffff,#faffff,#f6ffff,
http://i.imgur.com/RycdbMO.jpg,#f8ffff,#faffff,#f6ffff,
https://i.redd.it/fyqzavufvjwy.jpg,#dcaf82,#dcaf80,#d9ac7f,
https://i.redd.it/fyqzavufvjwy.jpg,#dcaf82,#dcaf80,#d9ac7f,
https://i.redd.it/1nlgrn49x7ry.jpg,#0d100d,#0c0f0c,#0d100d,
https://i.redd.it/s5viyluv421z.jpg,#79512e,#78502d,#7b5330,
http://i.imgur.com/lcEUZHv.jpg,#ffffff,#c6bcbf,#fefefe,
https://i.redd.it/0qow2dksb34z.jpg,#fefffe,#feffff,#fdfffe,
https://i.redd.it/ax4eueu0szpy.jpg,#bab9c3,#bbbbc9,#bab9c3,
http://i.imgur.com/RycdbMO.jpg,#f8ffff,#faffff,#f6ffff,
http://i.imgur.com/RycdbMO.jpg,#f8ffff,#faffff,#f6ffff,
https://i.redd.it/fyqzavufvjwy.jpg,#dcaf82,#dcaf80,#d9ac7f,
https://i.redd.it/sn7ufk9fsv4z.jpg,#cbd0d6,#cacfd5,#c9ced4,
https://i.redd.it/s5viyluv421z.jpg,#79512e,#78502d,#7b5330,
http://i.imgur.com/FApqk3D.jpg,#ffffff,#fdfffd,#000000,
https://i.redd.it/n9jq5j2tatcy.jpg,#f3ffff,#f2fefc,#f2fefe,
http://i.imgur.com/pt9rmrv.jpg,#fefffd,#ffffff,#fefffd,
https://i.redd.it/1nlgrn49x7ry.jpg,#0d100d,#0c0f0c,#0d100d,
https://i.redd.it/guul6eld2soy.jpg,#89836b,#807b66,#86816d,
http://i.imgur.com/pt9rmrv.jpg,#fefffd,#ffffff,#fefffd,
https://i.redd.it/tb5pckm6e72y.jpg,#a0a19d,#b5b4a4,#b7b5aa,
http://i.imgur.com/FApqk3D.jpg,#ffffff,#fdfffd,#000000,
https://i.redd.it/ax4eueu0szpy.jpg,#bab9c3,#bbbbc9,#bab9c3,
http://i.imgur.com/pt9rmrv.jpg,#fefffd,#ffffff,#fefffd,
https://i.redd.it/4m5yk8gjrtzy.jpg,#000000,#010101,#000000,
https://i.redd.it/tb5pckm6e72y.jpg,#a0a19d,#b5b4a4,#b7b5aa,
https://i.redd.it/0qow2dksb34z.jpg,#fefffe,#feffff,#fdfffe,
https://i.redd.it/fyqzavufvjwy.jpg,#dcaf82,#dcaf80,#d9ac7f,
http://i.imgur.com/pt9rmrv.jpg,#fefffd,#ffffff,#fefffd,
https://i.redd.it/xae65ypfqycy.jpg,#f4f4f4,#c83a2e,#f3f3f3,
https://i.redd.it/fyqzavufvjwy.jpg,#dcaf82,#dcaf80,#d9ac7f,
https://i.redd.it/cwljeujku33z.jpg,#e9e6df,#e8e5de,#e4e1dc,
https://i.redd.it/4m5yk8gjrtzy.jpg,#000000,#010101,#000000,
https://i.redd.it/rubsfuf64lvy.jpg,#b9b2a0,#b8b19f,#bab3a1,
https://i.redd.it/ax4eueu0szpy.jpg,#bab9c3,#bbbbc9,#bab9c3,
http://i.imgur.com/sXhEQez.jpg,#ffffff,#000000,#fefefe,
http://i.imgur.com/FApqk3D.jpg,#ffffff,#fdfffd,#000000,
https://i.redd.it/sn7ufk9fsv4z.jpg,#cbd0d6,#cacfd5,#c9ced4,
https://i.redd.it/ax4eueu0szpy.jpg,#bab9c3,#bbbbc9,#bab9c3,
https://i.redd.it/rubsfuf64lvy.jpg,#b9b2a0,#b8b19f,#bab3a1,
https://i.redd.it/cwljeujku33z.jpg,#e9e6df,#e8e5de,#e4e1dc,
https://i.redd.it/n9jq5j2tatcy.jpg,#f3ffff,#f2fefc,#f2fefe,
https://i.imgur.com/HRgRMOw.jpg,#a3a2a7,#3d8958,#a2a1a6,
https://i.redd.it/ru12lvaf7jyy.jpg,#9c9896,#9b9795,#9d9997,
https://i.redd.it/guul6eld2soy.jpg,#89836b,#807b66,#86816d,
https://i.redd.it/0qow2dksb34z.jpg,#fefffe,#feffff,#fdfffe,
https://i.redd.it/n9jq5j2tatcy.jpg,#f3ffff,#f2fefc,#f2fefe,
http://i.imgur.com/lcEUZHv.jpg,#ffffff,#c6bcbf,#fefefe,
https://i.imgur.com/HRgRMOw.jpg,#a3a2a7,#3d8958,#a2a1a6,
https://i.redd.it/rubsfuf64lvy.jpg,#b9b2a0,#b8b19f,#bab3a1,
https://i.redd.it/guul6eld2soy.jpg,#89836b,#807b66,#86816d,
http://i.imgur.com/M3NOzLC.jpg,#918e7b,#fffffe,#928f7c,
https://i.redd.it/guul6eld2soy.jpg,#89836b,#807b66,#86816d,
https://i.redd.it/ru12lvaf7jyy.jpg,#9c9896,#9b9795,#9d9997,
https://i.redd.it/w5q6gldnvcuy.jpg,#f3f3f3,#f2f2f2,#f1f3f2,
https://i.redd.it/guul6eld2soy.jpg,#89836b,#807b66,#86816d,
https://i.redd.it/0qow2dksb34z.jpg,#fefffe,#feffff,#fdfffe,
https://i.redd.it/w5q6gldnvcuy.jpg,#f3f3f3,#f2f2f2,#f1f3f2,
https://i.redd.it/cpkq97klre4z.jpg,#767767,#757666,#777868,
https://i.redd.it/ax4eueu0szpy.jpg,#bab9c3,#bbbbc9,#bab9c3,
https://i.redd.it/tb5pckm6e72y.jpg,#a0a19d,#b5b4a4,#b7b5aa,
https://i.redd.it/cwljeujku33z.jpg,#e9e6df,#e8e5de,#e4e1dc,
https://i.redd.it/cwljeujku33z.jpg,#e9e6df,#e8e5de,#e4e1dc,
https://i.redd.it/rubsfuf64lvy.jpg,#b9b2a0,#b8b19f,#bab3a1,
https://i.redd.it/n9jq5j2tatcy.jpg,#f3ffff,#f2fefc,#f2fefe,
https://i.redd.it/cwljeujku33z.jpg,#e9e6df,#e8e5de,#e4e1dc,
https://i.redd.it/cpkq97klre4z.jpg,#767767,#757666,#777868,
https://i.redd.it/w5q6gldnvcuy.jpg,#f3f3f3,#f2f2f2,#f1f3f2,
https://i.redd.it/ax4eueu0szpy.jpg,#bab9c3,#bbbbc9,#bab9c3,
https://i.redd.it/0qow2dksb34z.jpg,#fefffe,#feffff,#fdfffe,
https://i.redd.it/cpkq97klre4z.jpg,#767767,#757666,#777868,
http://i.imgur.com/M3NOzLC.jpg,#918e7b,#fffffe,#928f7c,
http://i.imgur.com/M3NOzLC.jpg,#918e7b,#fffffe,#928f7c,
https://i.redd.it/guul6eld2soy.jpg,#89836b,#807b66,#86816d,
https://i.redd.it/cwljeujku33z.jpg,#e9e6df,#e8e5de,#e4e1dc,
http://i.imgur.com/pt9rmrv.jpg,#fefffd,#ffffff,#fefffd,
https://i.redd.it/ax4eueu0szpy.jpg,#bab9c3,#bbbbc9,#bab9c3,
https://i.redd.it/n9jq5j2tatcy.jpg,#f3ffff,#f2fefc,#f2fefe,
https://i.redd.it/w5q6gldnvcuy.jpg,#f3f3f3,#f2f2f2,#f1f3f2,
https://i.redd.it/ax4eueu0szpy.jpg,#bab9c3,#bbbbc9,#bab9c3,
https://i.redd.it/n9jq5j2tatcy.jpg,#f3ffff,#f2fefc,#f2fefe,
https://i.redd.it/w5q6gldnvcuy.jpg,#f3f3f3,#f2f2f2,#f1f3f2,
https://i.redd.it/guul6eld2soy.jpg,#89836b,#807b66,#86816d,
https://i.redd.it/w5q6gldnvcuy.jpg,#f3f3f3,#f2f2f2,#f1f3f2,
https://i.redd.it/w5q6gldnvcuy.jpg,#f3f3f3,#f2f2f2,#f1f3f2,
https://i.redd.it/rubsfuf64lvy.jpg,#b9b2a0,#b8b19f,#bab3a1,
https://i.imgur.com/HRgRMOw.jpg,#a3a2a7,#3d8958,#a2a1a6,
http://i.imgur.com/lcEUZHv.jpg,#ffffff,#c6bcbf,#fefefe,
https://i.redd.it/guul6eld2soy.jpg,#89836b,#807b66,#86816d,
https://i.redd.it/rubsfuf64lvy.jpg,#b9b2a0,#b8b19f,#bab3a1,
https://i.redd.it/0qow2dksb34z.jpg,#fefffe,#feffff,#fdfffe,
https://i.redd.it/xae65ypfqycy.jpg,#f4f4f4,#c83a2e,#f3f3f3,
https://i.imgur.com/HRgRMOw.jpg,#a3a2a7,#3d8958,#a2a1a6,
https://i.redd.it/cpkq97klre4z.jpg,#767767,#757666,#777868,
https://i.redd.it/guul6eld2soy.jpg,#89836b,#807b66,#86816d,
http://i.imgur.com/M3NOzLC.jpg,#918e7b,#fffffe,#928f7c,
https://i.redd.it/rubsfuf64lvy.jpg,#b9b2a0,#b8b19f,#bab3a1,
https://i.redd.it/xae65ypfqycy.jpg,#f4f4f4,#c83a2e,#f3f3f3,
http://i.imgur.com/M3NOzLC.jpg,#918e7b,#fffffe,#928f7c,
https://i.redd.it/0qow2dksb34z.jpg,#fefffe,#feffff,#fdfffe,
https://i.redd.it/rubsfuf64lvy.jpg,#b9b2a0,#b8b19f,#bab3a1,
https://i.redd.it/ru12lvaf7jyy.jpg,#9c9896,#9b9795,#9d9997,
http://i.imgur.com/M3NOzLC.jpg,#918e7b,#fffffe,#928f7c,
https://i.imgur.com/HRgRMOw.jpg,#a3a2a7,#3d8958,#a2a1a6,
https://i.imgur.com/HRgRMOw.jpg,#a3a2a7,#3d8958,#a2a1a6,
https://i.redd.it/sn7ufk9fsv4z.jpg,#cbd0d6,#cacfd5,#c9ced4,
https://i.redd.it/xae65ypfqycy.jpg,#f4f4f4,#c83a2e,#f3f3f3,
https://i.imgur.com/HRgRMOw.jpg,#a3a2a7,#3d8958,#a2a1a6,
http://i.imgur.com/M3NOzLC.jpg,#918e7b,#fffffe,#928f7c,
http://i.imgur.com/pt9rmrv.jpg,#fefffd,#ffffff,#fefffd,
http://i.imgur.com/pt9rmrv.jpg,#fefffd,#ffffff,#fefffd,
http://i.imgur.com/M3NOzLC.jpg,#918e7b,#fffffe,#928f7c,
http://i.imgur.com/M3NOzLC.jpg,#918e7b,#fffffe,#928f7c,
https://i.redd.it/n9jq5j2tatcy.jpg,#f3ffff,#f2fefc,#f2fefe,
http://i.imgur.com/M3NOzLC.jpg,#918e7b,#fffffe,#928f7c,
https://i.imgur.com/HRgRMOw.jpg,#a3a2a7,#3d8958,#a2a1a6,
https://i.imgur.com/HRgRMOw.jpg,#a3a2a7,#3d8958,#a2a1a6,
https://i.redd.it/fyqzavufvjwy.jpg,#dcaf82,#dcaf80,#d9ac7f,
https://i.redd.it/xae65ypfqycy.jpg,#f4f4f4,#c83a2e,#f3f3f3,
https://i.redd.it/w5q6gldnvcuy.jpg,#f3f3f3,#f2f2f2,#f1f3f2,
https://i.redd.it/xae65ypfqycy.jpg,#f4f4f4,#c83a2e,#f3f3f3,
https://i.redd.it/0qow2dksb34z.jpg,#fefffe,#feffff,#fdfffe,
http://i.imgur.com/Gh2I3pq.jpg,#c4b19d,#c5b29e,#c4b19d,
https://i.imgur.com/HRgRMOw.jpg,#a3a2a7,#3d8958,#a2a1a6,
https://i.redd.it/ru12lvaf7jyy.jpg,#9c9896,#9b9795,#9d9997,
https://i.redd.it/rubsfuf64lvy.jpg,#b9b2a0,#b8b19f,#bab3a1,
http://i.imgur.com/M3NOzLC.jpg,#918e7b,#fffffe,#928f7c,
https://i.redd.it/n9jq5j2tatcy.jpg,#f3ffff,#f2fefc,#f2fefe,
https://i.redd.it/ax4eueu0szpy.jpg,#bab9c3,#bbbbc9,#bab9c3,
http://i.imgur.com/lcEUZHv.jpg,#ffffff,#c6bcbf,#fefefe,
http://i.imgur.com/Gh2I3pq.jpg,#c4b19d,#c5b29e,#c4b19d,
http://i.imgur.com/pt9rmrv.jpg,#fefffd,#ffffff,#fefffd,
https://i.redd.it/n9jq5j2tatcy.jpg,#f3ffff,#f2fefc,#f2fefe,
http://i.imgur.com/pt9rmrv.jpg,#fefffd,#ffffff,#fefffd,
https://i.imgur.com/HRgRMOw.jpg,#a3a2a7,#3d8958,#a2a1a6,
https://i.redd.it/n9jq5j2tatcy.jpg,#f3ffff,#f2fefc,#f2fefe,
https://i.redd.it/ax4eueu0szpy.jpg,#bab9c3,#bbbbc9,#bab9c3,
http://i.imgur.com/lcEUZHv.jpg,#ffffff,#c6bcbf,#fefefe,
https://i.redd.it/rubsfuf64lvy.jpg,#b9b2a0,#b8b19f,#bab3a1,
https://i.redd.it/ru12lvaf7jyy.jpg,#9c9896,#9b9795,#9d9997,
https://i.redd.it/m4cfqp8wfv5z.jpg,#d0d0d0,#d1d1d1,#cfcfcf,
https://i.redd.it/ihczg3pmle3z.jpg,#a2ac9b,#a1ab9a,#a3ad9c,
https://i.redd.it/s5viyluv421z.jpg,#79512e,#78502d,#7b5330,
https://i.redd.it/n9jq5j2tatcy.jpg,#f3ffff,#f2fefc,#f2fefe,
http://i.imgur.com/lcEUZHv.jpg,#ffffff,#c6bcbf,#fefefe,
https://i.redd.it/0qow2dksb34z.jpg,#fefffe,#feffff,#fdfffe,
https://i.redd.it/xae65ypfqycy.jpg,#f4f4f4,#c83a2e,#f3f3f3,
https://i.redd.it/guul6eld2soy.jpg,#89836b,#807b66,#86816d,
https://i.imgur.com/HRgRMOw.jpg,#a3a2a7,#3d8958,#a2a1a6,
http://i.imgur.com/pt9rmrv.jpg,#fefffd,#ffffff,#fefffd,
http://i.imgur.com/pt9rmrv.jpg,#fefffd,#ffffff,#fefffd,
https://i.redd.it/xae65ypfqycy.jpg,#f4f4f4,#c83a2e,#f3f3f3,
https://i.imgur.com/HRgRMOw.jpg,#a3a2a7,#3d8958,#a2a1a6,
http://i.imgur.com/Gh2I3pq.jpg,#c4b19d,#c5b29e,#c4b19d,
https://i.redd.it/guul6eld2soy.jpg,#89836b,#807b66,#86816d,
https://i.imgur.com/HRgRMOw.jpg,#a3a2a7,#3d8958,#a2a1a6,
http://i.imgur.com/pt9rmrv.jpg,#fefffd,#ffffff,#fefffd,
https://i.imgur.com/HRgRMOw.jpg,#a3a2a7,#3d8958,#a2a1a6,
https://i.redd.it/0qow2dksb34z.jpg,#fefffe,#feffff,#fdfffe,
https://i.imgur.com/HRgRMOw.jpg,#a3a2a7,#3d8958,#a2a1a6,
https://i.redd.it/ru12lvaf7jyy.jpg,#9c9896,#9b9795,#9d9997,
http://i.imgur.com/pt9rmrv.jpg,#fefffd,#ffffff,#fefffd,
https://i.redd.it/0qow2dksb34z.jpg,#fefffe,#feffff,#fdfffe,
http://i.imgur.com/pt9rmrv.jpg,#fefffd,#ffffff,#fefffd,
https://i.redd.it/ax4eueu0szpy.jpg,#bab9c3,#bbbbc9,#bab9c3,
https://i.redd.it/ax4eueu0szpy.jpg,#bab9c3,#bbbbc9,#bab9c3,
http://i.imgur.com/M3NOzLC.jpg,#918e7b,#fffffe,#928f7c,
https://i.redd.it/guul6eld2soy.jpg,#89836b,#807b66,#86816d,
https://i.redd.it/lsuw4p2ncyny.jpg,#fefefe,#fefffd,#ffffff,
http://i.imgur.com/Gh2I3pq.jpg,#c4b19d,#c5b29e,#c4b19d,
https://i.redd.it/m4cfqp8wfv5z.jpg,#d0d0d0,#d1d1d1,#cfcfcf,
https://i.redd.it/n9jq5j2tatcy.jpg,#f3ffff,#f2fefc,#f2fefe,
https://i.redd.it/0qow2dksb34z.jpg,#fefffe,#feffff,#fdfffe,
https://i.redd.it/m4cfqp8wfv5z.jpg,#d0d0d0,#d1d1d1,#cfcfcf,
https://i.redd.it/4m5yk8gjrtzy.jpg,#000000,#010101,#000000,
https://i.redd.it/sn7ufk9fsv4z.jpg,#cbd0d6,#cacfd5,#c9ced4,
http://i.imgur.com/pt9rmrv.jpg,#fefffd,#ffffff,#fefffd,
https://i.redd.it/sn7ufk9fsv4z.jpg,#cbd0d6,#cacfd5,#c9ced4,
http://i.imgur.com/Gh2I3pq.jpg,#c4b19d,#c5b29e,#c4b19d,
https://i.redd.it/ru12lvaf7jyy.jpg,#9c9896,#9b9795,#9d9997,
https://i.redd.it/0qow2dksb34z.jpg,#fefffe,#feffff,#fdfffe,
https://i.redd.it/sn7ufk9fsv4z.jpg,#cbd0d6,#cacfd5,#c9ced4,
https://i.redd.it/0qow2dksb34z.jpg,#fefffe,#feffff,#fdfffe,
https://i.redd.it/sn7ufk9fsv4z.jpg,#cbd0d6,#cacfd5,#c9ced4,
https://i.redd.it/lsuw4p2ncyny.jpg,#fefefe,#fefffd,#ffffff,
https://i.imgur.com/HRgRMOw.jpg,#a3a2a7,#3d8958,#a2a1a6,
https://i.redd.it/7ofdqmp53bzy.jpg,#b2a585,#b1a484,#b3a686,
https://i.redd.it/m4cfqp8wfv5z.jpg,#d0d0d0,#d1d1d1,#cfcfcf,
https://i.redd.it/m4cfqp8wfv5z.jpg,#d0d0d0,#d1d1d1,#cfcfcf,
http://i.imgur.com/Gh2I3pq.jpg,#c4b19d,#c5b29e,#c4b19d,
https://i.redd.it/sn7ufk9fsv4z.jpg,#cbd0d6,#cacfd5,#c9ced4,
https://i.redd.it/0qow2dksb34z.jpg,#fefffe,#feffff,#fdfffe,
http://i.imgur.com/pt9rmrv.jpg,#fefffd,#ffffff,#fefffd,
https://i.redd.it/sn7ufk9fsv4z.jpg,#cbd0d6,#cacfd5,#c9ced4,
https://i.redd.it/0qow2dksb34z.jpg,#fefffe,#feffff,#fdfffe,
https://i.redd.it/guul6eld2soy.jpg,#89836b,#807b66,#86816d,
https://i.redd.it/guul6eld2soy.jpg,#89836b,#807b66,#86816d,
https://i.imgur.com/HRgRMOw.jpg,#a3a2a7,#3d8958,#a2a1a6,
https://i.redd.it/0qow2dksb34z.jpg,#fefffe,#feffff,#fdfffe,
http://i.imgur.com/Gh2I3pq.jpg,#c4b19d,#c5b29e,#c4b19d,
https://i.redd.it/guul6eld2soy.jpg,#89836b,#807b66,#86816d,
https://i.redd.it/sn7ufk9fsv4z.jpg,#cbd0d6,#cacfd5,#c9ced4,
https://i.redd.it/7ofdqmp53bzy.jpg,#b2a585,#b1a484,#b3a686,
https://i.redd.it/guul6eld2soy.jpg,#89836b,#807b66,#86816d,
https://i.redd.it/0qow2dksb34z.jpg,#fefffe,#feffff,#fdfffe,
https://i.redd.it/sn7ufk9fsv4z.jpg,#cbd0d6,#cacfd5,#c9ced4,
https://i.redd.it/sn7ufk9fsv4z.jpg,#cbd0d6,#cacfd5,#c9ced4,
https://i.redd.it/sn7ufk9fsv4z.jpg,#cbd0d6,#cacfd5,#c9ced4,
http://i.imgur.com/pt9rmrv.jpg,#fefffd,#ffffff,#fefffd,
https://i.redd.it/sn7ufk9fsv4z.jpg,#cbd0d6,#cacfd5,#c9ced4,
http://i.imgur.com/Gh2I3pq.jpg,#c4b19d,#c5b29e,#c4b19d,
http://i.imgur.com/M3NOzLC.jpg,#918e7b,#fffffe,#928f7c,
https://i.redd.it/m4cfqp8wfv5z.jpg,#d0d0d0,#d1d1d1,#cfcfcf,
https://i.redd.it/m4cfqp8wfv5z.jpg,#d0d0d0,#d1d1d1,#cfcfcf,
http://i.imgur.com/Gh2I3pq.jpg,#c4b19d,#c5b29e,#c4b19d,
http://i.imgur.com/Gh2I3pq.jpg,#c4b19d,#c5b29e,#c4b19d,
https://i.redd.it/tb5pckm6e72y.jpg,#a0a19d,#b5b4a4,#b7b5aa,
https://i.redd.it/guul6eld2soy.jpg,#89836b,#807b66,#86816d,
https://i.redd.it/rubsfuf64lvy.jpg,#b9b2a0,#b8b19f,#bab3a1,
https://i.redd.it/0qow2dksb34z.jpg,#fefffe,#feffff,#fdfffe,
https://i.redd.it/guul6eld2soy.jpg,#89836b,#807b66,#86816d,
https://i.redd.it/0qow2dksb34z.jpg,#fefffe,#feffff,#fdfffe,
https://i.redd.it/guul6eld2soy.jpg,#89836b,#807b66,#86816d,
https://i.redd.it/0qow2dksb34z.jpg,#fefffe,#feffff,#fdfffe,
https://i.redd.it/sn7ufk9fsv4z.jpg,#cbd0d6,#cacfd5,#c9ced4,
http://i.imgur.com/Gh2I3pq.jpg,#c4b19d,#c5b29e,#c4b19d,
http://i.imgur.com/Gh2I3pq.jpg,#c4b19d,#c5b29e,#c4b19d,
https://i.redd.it/sn7ufk9fsv4z.jpg,#cbd0d6,#cacfd5,#c9ced4,
https://i.redd.it/sn7ufk9fsv4z.jpg,#cbd0d6,#cacfd5,#c9ced4,
https://i.redd.it/m4cfqp8wfv5z.jpg,#d0d0d0,#d1d1d1,#cfcfcf,
https://i.redd.it/sn7ufk9fsv4z.jpg,#cbd0d6,#cacfd5,#c9ced4,
http://i.imgur.com/M3NOzLC.jpg,#918e7b,#fffffe,#928f7c,
https://i.redd.it/0qow2dksb34z.jpg,#fefffe,#feffff,#fdfffe,
https://i.redd.it/sn7ufk9fsv4z.jpg,#cbd0d6,#cacfd5,#c9ced4,
https://i.redd.it/lsuw4p2ncyny.jpg,#fefefe,#fefffd,#ffffff,
https://i.redd.it/lsuw4p2ncyny.jpg,#fefefe,#fefffd,#ffffff,
https://i.redd.it/lsuw4p2ncyny.jpg,#fefefe,#fefffd,#ffffff,
http://i.imgur.com/Gh2I3pq.jpg,#c4b19d,#c5b29e,#c4b19d,
http://i.imgur.com/Gh2I3pq.jpg,#c4b19d,#c5b29e,#c4b19d,
http://i.imgur.com/Gh2I3pq.jpg,#c4b19d,#c5b29e,#c4b19d,
http://i.imgur.com/Gh2I3pq.jpg,#c4b19d,#c5b29e,#c4b19d,
https://i.redd.it/lsuw4p2ncyny.jpg,#fefefe,#fefffd,#ffffff,
https://i.redd.it/lsuw4p2ncyny.jpg,#fefefe,#fefffd,#ffffff,
https://i.redd.it/7ofdqmp53bzy.jpg,#b2a585,#b1a484,#b3a686,
http://i.imgur.com/Gh2I3pq.jpg,#c4b19d,#c5b29e,#c4b19d,
https://i.redd.it/m4cfqp8wfv5z.jpg,#d0d0d0,#d1d1d1,#cfcfcf,
https://i.redd.it/lsuw4p2ncyny.jpg,#fefefe,#fefffd,#ffffff,
https://i.redd.it/7ofdqmp53bzy.jpg,#b2a585,#b1a484,#b3a686,
http://i.imgur.com/Gh2I3pq.jpg,#c4b19d,#c5b29e,#c4b19d,
https://i.redd.it/m4cfqp8wfv5z.jpg,#d0d0d0,#d1d1d1,#cfcfcf,
https://i.redd.it/m4cfqp8wfv5z.jpg,#d0d0d0,#d1d1d1,#cfcfcf,
https://i.redd.it/7ofdqmp53bzy.jpg,#b2a585,#b1a484,#b3a686,
https://i.redd.it/7ofdqmp53bzy.jpg,#b2a585,#b1a484,#b3a686,
https://i.redd.it/lsuw4p2ncyny.jpg,#fefefe,#fefffd,#ffffff,
https://i.redd.it/m4cfqp8wfv5z.jpg,#d0d0d0,#d1d1d1,#cfcfcf,
https://i.redd.it/7ofdqmp53bzy.jpg,#b2a585,#b1a484,#b3a686,
https://i.redd.it/7ofdqmp53bzy.jpg,#b2a585,#b1a484,#b3a686,
http://i.imgur.com/Gh2I3pq.jpg,#c4b19d,#c5b29e,#c4b19d,
https://i.redd.it/m4cfqp8wfv5z.jpg,#d0d0d0,#d1d1d1,#cfcfcf,
https://i.redd.it/0qow2dksb34z.jpg,#fefffe,#feffff,#fdfffe,
https://i.redd.it/7ofdqmp53bzy.jpg,#b2a585,#b1a484,#b3a686,
https://i.redd.it/m4cfqp8wfv5z.jpg,#d0d0d0,#d1d1d1,#cfcfcf,
http://i.imgur.com/Gh2I3pq.jpg,#c4b19d,#c5b29e,#c4b19d,
http://i.imgur.com/Gh2I3pq.jpg,#c4b19d,#c5b29e,#c4b19d,
https://i.redd.it/lsuw4p2ncyny.jpg,#fefefe,#fefffd,#ffffff,
https://i.redd.it/m4cfqp8wfv5z.jpg,#d0d0d0,#d1d1d1,#cfcfcf,
https://i.redd.it/7ofdqmp53bzy.jpg,#b2a585,#b1a484,#b3a686,
https://i.redd.it/m4cfqp8wfv5z.jpg,#d0d0d0,#d1d1d1,#cfcfcf,
https://i.redd.it/lsuw4p2ncyny.jpg,#fefefe,#fefffd,#ffffff,
https://i.redd.it/7ofdqmp53bzy.jpg,#b2a585,#b1a484,#b3a686,
https://i.redd.it/m4cfqp8wfv5z.jpg,#d0d0d0,#d1d1d1,#cfcfcf,
https://i.redd.it/m4cfqp8wfv5z.jpg,#d0d0d0,#d1d1d1,#cfcfcf,
https://i.redd.it/lsuw4p2ncyny.jpg,#fefefe,#fefffd,#ffffff,
https://i.redd.it/m4cfqp8wfv5z.jpg,#d0d0d0,#d1d1d1,#cfcfcf,
https://i.redd.it/7ofdqmp53bzy.jpg,#b2a585,#b1a484,#b3a686,
https://i.redd.it/m4cfqp8wfv5z.jpg,#d0d0d0,#d1d1d1,#cfcfcf,
https://i.redd.it/lsuw4p2ncyny.jpg,#fefefe,#fefffd,#ffffff,
https://i.redd.it/7ofdqmp53bzy.jpg,#b2a585,#b1a484,#b3a686,
https://i.redd.it/lsuw4p2ncyny.jpg,#fefefe,#fefffd,#ffffff,
https://i.redd.it/lsuw4p2ncyny.jpg,#fefefe,#fefffd,#ffffff,
https://i.redd.it/m4cfqp8wfv5z.jpg,#d0d0d0,#d1d1d1,#cfcfcf,
http://i.imgur.com/enhDnTM.jpg,#ffffff,#fefefe,#000000,
https://i.redd.it/7ofdqmp53bzy.jpg,#b2a585,#b1a484,#b3a686,
https://i.redd.it/m4cfqp8wfv5z.jpg,#d0d0d0,#d1d1d1,#cfcfcf,
http://i.imgur.com/Gh2I3pq.jpg,#c4b19d,#c5b29e,#c4b19d,
https://i.redd.it/lsuw4p2ncyny.jpg,#fefefe,#fefffd,#ffffff,
http://i.imgur.com/Gh2I3pq.jpg,#c4b19d,#c5b29e,#c4b19d,
https://i.redd.it/lsuw4p2ncyny.jpg,#fefefe,#fefffd,#ffffff,
https://i.redd.it/7ofdqmp53bzy.jpg,#b2a585,#b1a484,#b3a686,
https://i.redd.it/lsuw4p2ncyny.jpg,#fefefe,#fefffd,#ffffff,
https://i.redd.it/7ofdqmp53bzy.jpg,#b2a585,#b1a484,#b3a686,
https://i.redd.it/lsuw4p2ncyny.jpg,#fefefe,#fefffd,#ffffff,
https://i.redd.it/7ofdqmp53bzy.jpg,#b2a585,#b1a484,#b3a686,
https://i.redd.it/7ofdqmp53bzy.jpg,#b2a585,#b1a484,#b3a686,
https://i.redd.it/lsuw4p2ncyny.jpg,#fefefe,#fefffd,#ffffff,
https://i.redd.it/7ofdqmp53bzy.jpg,#b2a585,#b1a484,#b3a686,
https://i.redd.it/7ofdqmp53bzy.jpg,#b2a585,#b1a484,#b3a686,
https://i.redd.it/lsuw4p2ncyny.jpg,#fefefe,#fefffd,#ffffff,
https://i.redd.it/7ofdqmp53bzy.jpg,#b2a585,#b1a484,#b3a686,
https://i.redd.it/m4cfqp8wfv5z.jpg,#d0d0d0,#d1d1d1,#cfcfcf,
https://i.redd.it/lsuw4p2ncyny.jpg,#fefefe,#fefffd,#ffffff,
http://i.imgur.com/Gh2I3pq.jpg,#c4b19d,#c5b29e,#c4b19d,
https://i.redd.it/7ofdqmp53bzy.jpg,#b2a585,#b1a484,#b3a686,
https://i.redd.it/7ofdqmp53bzy.jpg,#b2a585,#b1a484,#b3a686,
https://i.redd.it/7ofdqmp53bzy.jpg,#b2a585,#b1a484,#b3a686,
https://i.redd.it/lsuw4p2ncyny.jpg,#fefefe,#fefffd,#ffffff,
http://i.imgur.com/enhDnTM.jpg,#ffffff,#fefefe,#000000,
https://i.redd.it/lsuw4p2ncyny.jpg,#fefefe,#fefffd,#ffffff,
https://i.redd.it/lsuw4p2ncyny.jpg,#fefefe,#fefffd,#ffffff,
http://i.imgur.com/enhDnTM.jpg,#ffffff,#fefefe,#000000,
http://i.imgur.com/enhDnTM.jpg,#ffffff,#fefefe,#000000,
http://i.imgur.com/enhDnTM.jpg,#ffffff,#fefefe,#000000,
http://i.imgur.com/enhDnTM.jpg,#ffffff,#fefefe,#000000,
http://i.imgur.com/enhDnTM.jpg,#ffffff,#fefefe,#000000,
http://i.imgur.com/enhDnTM.jpg,#ffffff,#fefefe,#000000,
http://i.imgur.com/enhDnTM.jpg,#ffffff,#fefefe,#000000,
http://i.imgur.com/enhDnTM.jpg,#ffffff,#fefefe,#000000,
http://i.imgur.com/enhDnTM.jpg,#ffffff,#fefefe,#000000,
http://i.imgur.com/enhDnTM.jpg,#ffffff,#fefefe,#000000,
http://i.imgur.com/enhDnTM.jpg,#ffffff,#fefefe,#000000,
http://i.imgur.com/enhDnTM.jpg,#ffffff,#fefefe,#000000,
http://i.imgur.com/enhDnTM.jpg,#ffffff,#fefefe,#000000,
http://i.imgur.com/enhDnTM.jpg,#ffffff,#fefefe,#000000,
http://i.imgur.com/enhDnTM.jpg,#ffffff,#fefefe,#000000,
http://i.imgur.com/enhDnTM.jpg,#ffffff,#fefefe,#000000,
http://i.imgur.com/enhDnTM.jpg,#ffffff,#fefefe,#000000,
http://i.imgur.com/enhDnTM.jpg,#ffffff,#fefefe,#000000,
http://i.imgur.com/enhDnTM.jpg,#ffffff,#fefefe,#000000,
http://i.imgur.com/enhDnTM.jpg,#ffffff,#fefefe,#000000,
http://i.imgur.com/enhDnTM.jpg,#ffffff,#fefefe,#000000,
http://i.imgur.com/enhDnTM.jpg,#ffffff,#fefefe,#000000,
http://i.imgur.com/enhDnTM.jpg,#ffffff,#fefefe,#000000,
http://i.imgur.com/Gh2I3pq.jpg,#c4b19d,#c5b29e,#c4b19d,
https://i.pinimg.com/474x/ee/33/57/ee3357914e2a2fc617d3e2fdee1c7d93.jpg,#ffffff,#fefefe,#fdfdfd,
https://i.pinimg.com/474x/ee/33/57/ee3357914e2a2fc617d3e2fdee1c7d93.jpg,#ffffff,#fefefe,#fdfdfd,
https://i.pinimg.com/474x/ee/33/57/ee3357914e2a2fc617d3e2fdee1c7d93.jpg,#ffffff,#fefefe,#fdfdfd,
